passengerid,survived,pclass,name,gender,age,sibsp,parch,ticket,fare,cabin,embarked
0,0,2,"Wheeler, Mr. Edwin Frederick""""",male,,0,0,SC/PARIS 2159,12.875,,S
1,0,3,"Henry, Miss. Delia",female,,0,0,382649,7.75,,Q
2,1,1,"Hays, Mrs. Charles Melville (Clara Jennings Gregg)",female,52.0,1,1,12749,93.5,B69,S
3,1,3,"Andersson, Mr. August Edvard (""Wennerstrom"")",male,27.0,0,0,350043,7.7958,,S
4,0,2,"Hold, Mr. Stephen",male,44.0,1,0,26707,26.0,,S
5,0,3,"Rosblom, Mrs. Viktor (Helena Wilhelmina)",female,41.0,0,2,370129,20.2125,,S
6,0,3,"Novel, Mr. Mansouer",male,28.5,0,0,2697,7.2292,,C
7,1,3,"Kelly, Miss. Anna Katherine ""Annie Kate""",female,,0,0,9234,7.75,,Q
8,0,2,"de Brito, Mr. Jose Joaquim",male,32.0,0,0,244360,13.0,,S
9,0,3,"Petersen, Mr. Marius",male,24.0,0,0,342441,8.05,,S
10,1,1,"Dodge, Mrs. Washington (Ruth Vidaver)",female,54.0,1,1,33638,81.8583,A34,S
11,0,3,"Pettersson, Miss. Ellen Natalia",female,18.0,0,0,347087,7.775,,S
12,1,2,"Sinkkonen, Miss. Anna",female,30.0,0,0,250648,13.0,,S
13,0,3,"Sage, Miss. Constance Gladys",female,,8,2,CA. 2343,69.55,,S
14,1,2,"Toomey, Miss. Ellen",female,50.0,0,0,F.C.C. 13531,10.5,,S
15,0,3,"Jardin, Mr. Jose Neto",male,,0,0,SOTON/O.Q. 3101305,7.05,,S
16,0,3,"Spinner, Mr. Henry John",male,32.0,0,0,STON/OQ. 369943,8.05,,S
17,0,2,"Carter, Mrs. Ernest Courtenay (Lilian Hughes)",female,44.0,1,0,244252,26.0,,S
18,1,1,"Lines, Mrs. Ernest H (Elizabeth Lindsey James)",female,51.0,0,1,PC 17592,39.4,D28,S
19,0,2,"McCrae, Mr. Arthur Gordon",male,32.0,0,0,237216,13.5,,S
20,0,2,"Parkes, Mr. Francis ""Frank""",male,,0,0,239853,0.0,,S
21,0,3,"Nysveen, Mr. Johan Hansen",male,61.0,0,0,345364,6.2375,,S
22,0,3,"Torber, Mr. Ernst William",male,44.0,0,0,364511,8.05,,S
23,0,3,"Wiklund, Mr. Jakob Alfred",male,18.0,1,0,3101267,6.4958,,S
24,1,3,"O'Driscoll, Miss. Bridget",female,,0,0,14311,7.75,,Q
25,0,3,"Svensson, Mr. Olof",male,24.0,0,0,350035,7.7958,,S
26,0,3,"Elias, Mr. Dibo",male,,0,0,2674,7.225,,C
27,0,2,"Richard, Mr. Emile",male,23.0,0,0,SC/PARIS 2133,15.0458,,C
28,1,3,"Goodwin, Miss. Jessie Allis",female,10.0,5,2,CA 2144,46.9,,S
29,0,3,"Somerton, Mr. Francis William",male,30.0,0,0,A.5. 18509,8.05,,S
30,1,3,"Nakid, Mr. Sahid",male,20.0,1,1,2653,15.7417,,C
31,0,2,"Sobey, Mr. Samuel James Hayden",male,25.0,0,0,C.A. 29178,13.0,,S
32,1,1,"Lines, Miss. Mary Conover",female,16.0,0,1,PC 17592,39.4,D28,S
33,0,2,"Knight, Mr. Robert J",male,,0,0,239855,0.0,,S
34,1,3,"Hellstrom, Miss. Hilda Maria",female,22.0,0,0,7548,8.9625,,S
35,0,2,"Nicholls, Mr. Joseph Charles",male,19.0,1,1,C.A. 33112,36.75,,S
36,0,3,"Alexander, Mr. William",male,26.0,0,0,3474,7.8875,,S
37,1,3,"Goldsmith, Master. Frank John William ""Frankie""",male,9.0,0,2,363291,20.525,,S
38,0,2,"Andrew, Mr. Edgardo Samuel",male,18.0,0,0,231945,11.5,,S
39,0,3,"Razi, Mr. Raihed",male,,0,0,2629,7.2292,,C
40,0,3,"Betros, Mr. Tannous",male,20.0,0,0,2648,4.0125,,C
41,0,3,"Ford, Mr. Arthur",male,,0,0,A/5 1478,8.05,,S
42,0,3,"Radeff, Mr. Alexander",male,,0,0,349223,7.8958,,S
43,1,2,"Mallet, Mrs. Albert (Antoinette Magnin)",female,24.0,1,1,S.C./PARIS 2079,37.0042,,C
44,0,3,"Larsson, Mr. Bengt Edvin",male,29.0,0,0,347067,7.775,,S
45,1,1,"Carter, Mrs. William Ernest (Lucile Polk)",female,36.0,1,2,113760,120.0,B96 B98,S
46,0,3,"Lefebre, Miss. Ida",female,,3,1,4133,25.4667,,S
47,0,3,"Karun, Mr. Franz",male,39.0,0,1,349256,13.4167,,C
48,0,2,"Ponesell, Mr. Martin",male,34.0,0,0,250647,13.0,,S
49,0,3,"Simmons, Mr. John",male,,0,0,SOTON/OQ 392082,8.05,,S
50,0,2,"Collander, Mr. Erik Gustaf",male,28.0,0,0,248740,13.0,,S
51,0,3,"Johnson, Mr. William Cahoone Jr",male,19.0,0,0,LINE,0.0,,S
52,0,3,"Daher, Mr. Shedid",male,22.5,0,0,2698,7.225,,C
53,0,3,"Fischer, Mr. Eberhard Thelander",male,18.0,0,0,350036,7.7958,,S
54,0,1,"Chisholm, Mr. Roderick Robert Crispin",male,,0,0,112051,0.0,,S
55,0,3,"Lane, Mr. Patrick",male,,0,0,7935,7.75,,Q
56,1,2,"Beane, Mrs. Edward (Ethel Clarke)",female,19.0,1,0,2908,26.0,,S
57,0,3,"Olsen, Mr. Henry Margido",male,28.0,0,0,C 4001,22.525,,S
58,1,1,"Cleaver, Miss. Alice",female,22.0,0,0,113781,151.55,,S
59,0,2,"Pulbaum, Mr. Franz",male,27.0,0,0,SC/PARIS 2168,15.0333,,C
60,0,3,"Ryan, Mr. Patrick",male,,0,0,371110,24.15,,Q
61,0,1,"Kent, Mr. Edward Austin",male,58.0,0,0,11771,29.7,B37,C
62,1,3,"Mamee, Mr. Hanna",male,,0,0,2677,7.2292,,C
63,0,3,"Lievens, Mr. Rene Aime",male,24.0,0,0,345781,9.5,,S
64,0,1,"Weir, Col. John",male,60.0,0,0,113800,26.55,,S
65,1,3,"Hedman, Mr. Oskar Arvid",male,27.0,0,0,347089,6.975,,S
66,0,1,"Meyer, Mr. Edgar Joseph",male,28.0,1,0,PC 17604,82.1708,,C
67,0,1,"Williams, Mr. Charles Duane",male,51.0,0,1,PC 17597,61.3792,,C
68,1,2,"Hocking, Mrs. Elizabeth (Eliza Needs)",female,54.0,1,3,29105,23.0,,S
69,1,2,"Jacobsohn, Mrs. Sidney Samuel (Amy Frances Christy)",female,24.0,2,1,243847,27.0,,S
70,0,1,"Dodge, Dr. Washington",male,53.0,1,1,33638,81.8583,A34,S
71,1,3,"Moss, Mr. Albert Johan",male,,0,0,312991,7.775,,S
72,0,2,"Sharp, Mr. Percival James R",male,27.0,0,0,244358,26.0,,S
73,1,1,"Earnshaw, Mrs. Boulton (Olive Potter)",female,23.0,0,1,11767,83.1583,C54,C
74,0,3,"Nosworthy, Mr. Richard Cater",male,21.0,0,0,A/4. 39886,7.8,,S
75,0,3,"Moore, Mr. Leonard Charles",male,,0,0,A4. 54510,8.05,,S
76,0,3,"Johansson, Mr. Nils",male,29.0,0,0,347467,7.8542,,S
77,1,3,"Sage, Miss. Ada",female,,8,2,CA. 2343,69.55,,S
78,1,3,"McCoy, Mr. Bernard",male,,2,0,367226,23.25,,Q
79,0,2,"Harper, Rev. John",male,28.0,0,1,248727,33.0,,S
80,1,2,"Collyer, Miss. Marjorie ""Lottie""",female,8.0,0,2,C.A. 31921,26.25,,S
81,1,1,"Stephenson, Mrs. Walter Bertram (Martha Eustis)",female,52.0,1,0,36947,78.2667,D20,C
82,0,3,"Carlsson, Mr. Carl Robert",male,24.0,0,0,350409,7.8542,,S
83,1,3,"Lefebre, Mrs. Frank (Frances)",female,,0,4,4133,25.4667,,S
84,1,1,"Longley, Miss. Gretchen Fiske",female,21.0,0,0,13502,77.9583,D9,S
85,1,1,"Rosenbaum, Miss. Edith Louise",female,33.0,0,0,PC 17613,27.7208,A11,C
86,1,2,"Drew, Mrs. James Vivian (Lulu Thorne Christian)",female,34.0,1,1,28220,32.5,,S
87,1,1,"Sloper, Mr. William Thompson",male,28.0,0,0,113788,35.5,A6,S
88,0,3,"Skoog, Mrs. William (Anna Bernhardina Karlsson)",female,45.0,1,4,347088,27.9,,S
89,1,2,"Beane, Mr. Edward",male,32.0,1,0,2908,26.0,,S
90,0,3,"Lefebre, Miss. Jeannie",female,,3,1,4133,25.4667,,S
91,0,3,"Zabour, Miss. Thamine",female,,1,0,2665,14.4542,,C
92,1,3,"Hagardon, Miss. Kate",female,17.0,0,0,AQ/3. 30631,7.7333,,Q
93,0,3,"Svensson, Mr. Johan",male,74.0,0,0,347060,7.775,,S
94,0,3,"Panula, Master. Urho Abraham",male,2.0,4,1,3101295,39.6875,,S
95,1,3,"Moor, Mrs. (Beila)",female,27.0,0,1,392096,12.475,E121,S
96,0,1,"Smith, Mr. Richard William",male,,0,0,113056,26.0,A19,S
97,0,2,"Gale, Mr. Shadrach",male,34.0,1,0,28664,21.0,,S
98,1,1,"Bonnell, Miss. Caroline",female,30.0,0,0,36928,164.8667,C7,S
99,0,1,"Ross, Mr. John Hugo",male,36.0,0,0,13049,40.125,A10,C
100,0,3,"Brocklebank, Mr. William Alfred",male,35.0,0,0,364512,8.05,,S
101,1,1,"Serepeca, Miss. Augusta",female,30.0,0,0,113798,31.0,,C
102,0,1,"Uruchurtu, Don. Manuel E",male,40.0,0,0,PC 17601,27.7208,,C
103,0,3,"Olsson, Mr. Oscar Wilhelm",male,32.0,0,0,347079,7.775,,S
104,1,2,"Lemore, Mrs. (Amelia Milley)",female,34.0,0,0,C.A. 34260,10.5,F33,S
105,1,1,"Douglas, Mrs. Frederick Charles (Mary Helene Baxter)",female,27.0,1,1,PC 17558,247.5208,B58 B60,C
106,0,2,"Otter, Mr. Richard",male,39.0,0,0,28213,13.0,,S
107,0,1,"Ringhini, Mr. Sante",male,22.0,0,0,PC 17760,135.6333,,C
108,0,3,"Markoff, Mr. Marin",male,35.0,0,0,349213,7.8958,,C
109,1,3,"Touma, Miss. Maria Youssef",female,9.0,1,1,2650,15.2458,,C
110,1,2,"Duran y More, Miss. Asuncion",female,27.0,1,0,SC/PARIS 2149,13.8583,,C
111,0,3,"Panula, Master. Juha Niilo",male,7.0,4,1,3101295,39.6875,,S
112,1,1,"Ryerson, Miss. Emily Borie",female,18.0,2,2,PC 17608,262.375,B57 B59 B63 B66,C
113,1,3,"Sandstrom, Miss. Beatrice Irene",female,1.0,1,1,PP 9549,16.7,G6,S
114,0,3,"Cor, Mr. Bartol",male,35.0,0,0,349230,7.8958,,S
115,1,2,"Reynaldo, Ms. Encarnacion",female,28.0,0,0,230434,13.0,,S
116,1,3,"Wilkes, Mrs. James (Ellen Needs)",female,47.0,1,0,363272,7.0,,S
117,1,1,"Flynn, Mr. John Irwin (""Irving"")",male,36.0,0,0,PC 17474,26.3875,E25,S
118,1,3,"Sundman, Mr. Johan Julian",male,44.0,0,0,STON/O 2. 3101269,7.925,,S
119,1,3,"Chip, Mr. Chang",male,32.0,0,0,1601,56.4958,,S
120,0,3,"Chronopoulos, Mr. Apostolos",male,26.0,1,0,2680,14.4542,,C
121,1,3,"Naughton, Miss. Hannah",female,,0,0,365237,7.75,,Q
122,1,1,"Peuchen, Major. Arthur Godfrey",male,52.0,0,0,113786,30.5,C104,S
123,0,3,"Eklund, Mr. Hans Linus",male,16.0,0,0,347074,7.775,,S
124,1,1,"Goldenberg, Mr. Samuel L",male,49.0,1,0,17453,89.1042,C92,C
125,0,1,"Douglas, Mr. Walter Donald",male,50.0,1,0,PC 17761,106.425,C86,C
126,0,3,"Andersson, Miss. Sigrid Elisabeth",female,11.0,4,2,347082,31.275,,S
127,0,1,"Roebling, Mr. Washington Augustus II",male,31.0,0,0,PC 17590,50.4958,A24,S
128,1,1,"Harper, Mrs. Henry Sleeper (Myna Haxtun)",female,49.0,1,0,PC 17572,76.7292,D33,C
129,0,3,"Wirz, Mr. Albert",male,27.0,0,0,315154,8.6625,,S
130,1,1,"Burns, Miss. Elizabeth Margaret",female,41.0,0,0,16966,134.5,E40,C
131,0,1,"Gee, Mr. Arthur H",male,47.0,0,0,111320,38.5,E63,S
132,1,2,"Brown, Miss. Edith Eileen",female,15.0,0,2,29750,39.0,,S
133,1,3,"Jansson, Mr. Carl Olof",male,21.0,0,0,350034,7.7958,,S
134,0,3,"Buckley, Mr. Daniel",male,21.0,0,0,330920,7.8208,,Q
135,0,3,"Touma, Master. Georges Youssef",male,7.0,1,1,2650,15.2458,,C
136,0,3,"Sirayanian, Mr. Orsen",male,22.0,0,0,2669,7.2292,,C
137,1,1,"Minahan, Mrs. William Edward (Lillian E Thorpe)",female,37.0,1,0,19928,90.0,C78,Q
138,1,3,"Honkanen, Miss. Eliina",female,27.0,0,0,STON/O2. 3101283,7.925,,S
139,0,3,"Braund, Mr. Lewis Richard",male,29.0,1,0,3460,7.0458,,S
140,0,2,"Phillips, Mr. Escott Robert",male,43.0,0,1,S.O./P.P. 2,21.0,,S
141,1,1,"Frauenthal, Mrs. Henry William (Clara Heinsheimer)",female,,1,0,PC 17611,133.65,,S
142,0,2,"Fillbrook, Mr. Joseph Charles",male,18.0,0,0,C.A. 15185,10.5,,S
143,0,1,"White, Mr. Richard Frasar",male,21.0,0,1,35281,77.2875,D26,S
144,0,1,"Moore, Mr. Clarence Bloomfield",male,47.0,0,0,113796,42.4,,S
145,1,3,"Dean, Master. Bertram Vere",male,1.0,1,2,C.A. 2315,20.575,,S
146,1,1,"Compton, Miss. Sara Rebecca",female,39.0,1,1,PC 17756,83.1583,E49,C
147,0,3,"Thomas, Mr. Tannous",male,,0,0,2684,7.225,,C
148,0,3,"Thomson, Mr. Alexander Morrison",male,,0,0,32302,8.05,,S
149,0,2,"Banfield, Mr. Frederick James",male,28.0,0,0,C.A./SOTON 34068,10.5,,S
150,1,3,"Heikkinen, Miss. Laina",female,26.0,0,0,STON/O2. 3101282,7.925,,S
151,0,3,"Adams, Mr. John",male,26.0,0,0,341826,8.05,,S
152,1,3,"Johnson, Miss. Eleanor Ileen",female,1.0,1,1,347742,11.1333,,S
153,0,1,"Newell, Mr. Arthur Webster",male,58.0,0,2,35273,113.275,D48,C
154,1,1,"Behr, Mr. Karl Howell",male,26.0,0,0,111369,30.0,C148,C
155,0,3,"Vande Walle, Mr. Nestor Cyriel",male,28.0,0,0,345770,9.5,,S
156,0,2,"Angle, Mr. William A",male,34.0,1,0,226875,26.0,,S
157,0,3,"Davies, Mr. Joseph",male,17.0,2,0,A/4 48873,8.05,,S
158,0,3,"Johnson, Mr. Alfred",male,49.0,0,0,LINE,0.0,,S
159,0,3,"Pasic, Mr. Jakob",male,21.0,0,0,315097,8.6625,,S
160,0,3,"Kink-Heilmann, Mr. Anton",male,29.0,3,1,315153,22.025,,S
161,0,3,"Palsson, Mrs. Nils (Alma Cornelia Berglund)",female,29.0,0,4,349909,21.075,,S
162,0,3,"Jonkoff, Mr. Lalio",male,23.0,0,0,349204,7.8958,,S
163,0,3,"Finoli, Mr. Luigi",male,,0,0,SOTON/O.Q. 3101308,7.05,,S
164,0,2,"Deacon, Mr. Percy William",male,17.0,0,0,S.O.C. 14879,73.5,,S
165,0,3,"Mitkoff, Mr. Mito",male,,0,0,349221,7.8958,,S
166,0,3,"Johansson, Mr. Gustaf Joel",male,33.0,0,0,7540,8.6542,,S
167,1,3,"Hirvonen, Mrs. Alexander (Helga E Lindqvist)",female,22.0,1,1,3101298,12.2875,,S
168,0,3,"Pedersen, Mr. Olaf",male,,0,0,345498,7.775,,S
169,0,2,"Veal, Mr. James",male,40.0,0,0,28221,13.0,,S
170,0,3,"Andersson, Mr. Johan Samuel",male,26.0,0,0,347075,7.775,,S
171,0,3,"Ilieff, Mr. Ylio",male,,0,0,349220,7.8958,,S
172,0,2,"Carter, Rev. Ernest Courtenay",male,54.0,1,0,244252,26.0,,S
173,0,3,"Goodwin, Mr. Charles Frederick",male,40.0,1,6,CA 2144,46.9,,S
174,0,2,"Chapman, Mr. Charles Henry",male,52.0,0,0,248731,13.5,,S
175,0,1,"Gracie, Col. Archibald IV",male,53.0,0,0,113780,28.5,C51,C
176,0,1,"Spedden, Mr. Frederic Oakley",male,45.0,1,1,16966,134.5,E34,C
177,1,1,"Lurette, Miss. Elise",female,58.0,0,0,PC 17569,146.5208,B80,C
178,1,1,"Romaine, Mr. Charles Hallace (""Mr C Rolmane"")",male,45.0,0,0,111428,26.55,,S
179,1,1,"Crosby, Mrs. Edward Gifford (Catherine Elizabeth Halstead)",female,64.0,1,1,112901,26.55,B26,S
180,1,1,"Chibnall, Mrs. (Edith Martha Bowerman)",female,,0,1,113505,55.0,E33,S
181,0,1,"Sutton, Mr. Frederick",male,61.0,0,0,36963,32.3208,D50,S
182,0,3,"Dantcheff, Mr. Ristiu",male,25.0,0,0,349203,7.8958,,S
183,0,2,"Botsford, Mr. William Hull",male,26.0,0,0,237670,13.0,,S
184,0,3,"Waelens, Mr. Achille",male,22.0,0,0,345767,9.0,,S
185,0,3,"Lam, Mr. Len",male,,0,0,1601,56.4958,,S
186,0,2,"Keane, Mr. Daniel",male,35.0,0,0,233734,12.35,,Q
187,1,3,"Tornquist, Mr. William Henry",male,25.0,0,0,LINE,0.0,,S
188,0,3,"Nirva, Mr. Iisakki Antino Aijo",male,41.0,0,0,SOTON/O2 3101272,7.125,,S
189,1,1,"Lesurer, Mr. Gustave J",male,35.0,0,0,PC 17755,512.3292,B101,C
190,1,1,"Cardeza, Mr. Thomas Drake Martinez",male,36.0,0,1,PC 17755,512.3292,B51 B53 B55,C
191,0,3,"Peter, Master. Michael J",male,,1,1,2668,22.3583,,C
192,0,1,"Smith, Mr. Lucien Philip",male,24.0,1,0,13695,60.0,C31,S
193,1,2,"West, Mrs. Edwy Arthur (Ada Mary Worth)",female,33.0,1,2,C.A. 34651,27.75,,S
194,0,3,"Edvardsson, Mr. Gustaf Hjalmar",male,18.0,0,0,349912,7.775,,S
195,1,3,"Bradley, Miss. Bridget Delia",female,22.0,0,0,334914,7.725,,Q
196,1,1,"Gibson, Miss. Dorothy Winifred",female,22.0,0,1,112378,59.4,,C
197,0,3,"Horgan, Mr. John",male,,0,0,370377,7.75,,Q
198,0,3,"Barbara, Mrs. (Catherine David)",female,45.0,0,1,2691,14.4542,,C
199,0,1,"Foreman, Mr. Benjamin Laventall",male,30.0,0,0,113051,27.75,C111,C
200,0,3,"Klasen, Mr. Klas Albin",male,18.0,1,1,350404,7.8542,,S
201,1,2,"Rugg, Miss. Emily",female,21.0,0,0,C.A. 31026,10.5,,S
202,0,3,"Lindblom, Miss. Augusta Charlotta",female,45.0,0,0,347073,7.75,,S
203,0,3,"Corn, Mr. Harry",male,30.0,0,0,SOTON/OQ 392090,8.05,,S
204,0,2,"Fahlstrom, Mr. Arne Jonas",male,18.0,0,0,236171,13.0,,S
205,0,2,"Hocking, Mr. Samuel James Metcalfe",male,36.0,0,0,242963,13.0,,S
206,0,3,"Assaf, Mr. Gerios",male,21.0,0,0,2692,7.225,,C
207,0,2,"Morley, Mr. Henry Samuel (""Mr Henry Marshall"")",male,39.0,0,0,250655,26.0,,S
208,0,3,"Van Impe, Mr. Jean Baptiste",male,36.0,1,1,345773,24.15,,S
209,1,3,"Doyle, Miss. Elizabeth",female,24.0,0,0,368702,7.75,,Q
210,1,3,"Connolly, Miss. Kate",female,30.0,0,0,330972,7.6292,,Q
211,0,3,"van Melkebeke, Mr. Philemon",male,,0,0,345777,9.5,,S
212,0,3,"Leinonen, Mr. Antti Gustaf",male,32.0,0,0,STON/O 2. 3101292,7.925,,S
213,1,1,"Andrews, Miss. Kornelia Theodosia",female,63.0,1,0,13502,77.9583,D7,S
214,0,1,"Giglio, Mr. Victor",male,24.0,0,0,PC 17593,79.2,B86,C
215,0,2,"Abelson, Mr. Samuel",male,30.0,1,0,P/PP 3381,24.0,,C
216,1,3,"Lennon, Miss. Mary",female,,1,0,370371,15.5,,Q
217,1,3,"Johannesen-Bratthammer, Mr. Bernt",male,,0,0,65306,8.1125,,S
218,1,1,"Fortune, Miss. Alice Elizabeth",female,24.0,3,2,19950,263.0,C23 C25 C27,S
219,0,3,"Jensen, Mr. Niels Peder",male,48.0,0,0,350047,7.8542,,S
220,0,3,"Canavan, Mr. Patrick",male,21.0,0,0,364858,7.75,,Q
221,1,2,"Shelley, Mrs. William (Imanita Parrish Hall)",female,25.0,0,1,230433,26.0,,S
222,0,3,"Khalil, Mr. Betros",male,,1,0,2660,14.4542,,C
223,0,3,"Beavan, Mr. William Thomas",male,19.0,0,0,323951,8.05,,S
224,1,2,"Harris, Mr. George",male,62.0,0,0,S.W./PP 752,10.5,,S
225,0,3,"Hegarty, Miss. Hanora ""Nora""",female,18.0,0,0,365226,6.75,,Q
226,1,3,"Mockler, Miss. Helen Mary ""Ellie""",female,,0,0,330980,7.8792,,Q
227,1,2,"Hold, Mrs. Stephen (Annie Margaret Hill)",female,29.0,1,0,26707,26.0,,S
228,0,3,"Pokrnic, Mr. Tome",male,24.0,0,0,315092,8.6625,,S
229,0,2,"Bateman, Rev. Robert James",male,51.0,0,0,S.O.P. 1166,12.525,,S
230,1,1,"Saalfeld, Mr. Adolphe",male,,0,0,19988,30.5,C106,S
231,0,1,"Snyder, Mr. John Pillsbury",male,24.0,1,0,21228,82.2667,B45,S
232,0,3,"Humblen, Mr. Adolf Mathias Nicolai Olsen",male,42.0,0,0,348121,7.65,F G63,S
233,0,3,"Cribb, Mr. John Hatfield",male,44.0,0,1,371362,16.1,,S
234,0,3,"Lyntakoff, Mr. Stanko",male,,0,0,349235,7.8958,,S
235,0,3,"Vander Planke, Miss. Augusta Maria",female,18.0,2,0,345764,18.0,,S
236,0,3,"Attalah, Miss. Malake",female,17.0,0,0,2627,14.4583,,C
237,0,3,"Danbom, Master. Gilbert Sigvard Emanuel",male,0.33,0,2,347080,14.4,,S
238,1,3,"Kelly, Miss. Mary",female,,0,0,14312,7.75,,Q
239,0,3,"Maisner, Mr. Simon",male,,0,0,A/S 2816,8.05,,S
240,1,3,"Sjoblom, Miss. Anna Sofia",female,18.0,0,0,3101265,7.4958,,S
241,0,3,"Panula, Master. Eino Viljami",male,1.0,4,1,3101295,39.6875,,S
242,0,2,"Chapman, Mr. John Henry",male,37.0,1,0,SC/AH 29037,26.0,,S
243,0,3,"Murdlin, Mr. Joseph",male,,0,0,A./5. 3235,8.05,,S
244,0,1,"Harrington, Mr. Charles H",male,,0,0,113796,42.4,,S
245,0,3,"Tenglin, Mr. Gunnar Isidor",male,25.0,0,0,350033,7.7958,,S
246,1,1,"Calderhead, Mr. Edward Pennington",male,42.0,0,0,PC 17476,26.2875,E24,S
247,1,1,"Straus, Mrs. Isidor (Rosalie Ida Blun)",female,63.0,1,0,PC 17483,221.7792,C55 C57,S
248,0,1,"Williams, Mr. Richard Norris II",male,21.0,0,1,PC 17597,61.3792,,C
249,1,1,"Carter, Miss. Lucile Polk",female,14.0,1,2,113760,120.0,B96 B98,S
250,1,1,"Daly, Mr. Peter Denis ",male,51.0,0,0,113055,26.55,E17,S
251,0,2,"Collett, Mr. Sidney C Stuart",male,24.0,0,0,28034,10.5,,S
252,0,3,"Backstrom, Mr. Karl Alfred",male,32.0,1,0,3101278,15.85,,S
253,1,1,"Marechal, Mr. Pierre",male,,0,0,11774,29.7,C47,C
254,0,2,"Beauchamp, Mr. Henry James",male,28.0,0,0,244358,26.0,,S
255,1,3,"Klasen, Miss. Gertrud Emilia",female,1.0,1,1,350405,12.1833,,S
256,0,2,"Eitemiller, Mr. George Floyd",male,23.0,0,0,29751,13.0,,S
257,0,1,"Ryerson, Mr. Arthur Larned",male,61.0,1,3,PC 17608,262.375,B57 B59 B63 B66,C
258,0,2,"Gilbert, Mr. William",male,47.0,0,0,C.A. 30769,10.5,,S
259,1,3,"Lundin, Miss. Olga Elida",female,23.0,0,0,347469,7.8542,,S
260,0,3,"Gustafsson, Mr. Karl Gideon",male,19.0,0,0,347069,7.775,,S
261,0,3,"Skoog, Master. Karl Thorsten",male,10.0,3,2,347088,27.9,,S
262,0,2,"Slemen, Mr. Richard James",male,35.0,0,0,28206,10.5,,S
263,0,1,"Spedden, Master. Robert Douglas",male,6.0,0,2,16966,134.5,E34,C
264,0,3,"Salonen, Mr. Johan Werner",male,39.0,0,0,3101296,7.925,,S
265,0,3,"Asplund, Master. Carl Edgar",male,5.0,4,2,347077,31.3875,,S
266,1,1,"Wilson, Miss. Helen Alice",female,31.0,0,0,16966,134.5,E39 E41,C
267,1,1,"Barber, Miss. Ellen ""Nellie""",female,26.0,0,0,19877,78.85,,S
268,1,2,"Renouf, Mrs. Peter Henry (Lillian Jefferys)",female,30.0,3,0,31027,21.0,,S
269,0,1,"Long, Mr. Milton Clyde",male,29.0,0,0,113501,30.0,D6,S
270,0,3,"Colbert, Mr. Patrick",male,24.0,0,0,371109,7.25,,Q
271,0,3,"Bengtsson, Mr. John Viktor",male,26.0,0,0,347068,7.775,,S
272,0,2,"Troupiansky, Mr. Moses Aaron",male,23.0,0,0,233639,13.0,,S
273,1,2,"Davis, Miss. Mary",female,28.0,0,0,237668,13.0,,S
274,1,1,"Hoyt, Mr. Frederick Maxfield",male,38.0,1,0,19943,90.0,C93,S
275,0,3,"Gustafsson, Mr. Anders Vilhelm",male,37.0,2,0,3101276,7.925,,S
276,0,3,"Jonsson, Mr. Nils Hilding",male,27.0,0,0,350408,7.8542,,S
277,0,2,"Hunt, Mr. George Henry",male,33.0,0,0,SCO/W 1585,12.275,,S
278,1,3,"Lang, Mr. Fang",male,26.0,0,0,1601,56.4958,,S
279,0,3,"Peacock, Master. Alfred Edward",male,0.75,1,1,SOTON/O.Q. 3101315,13.775,,S
280,0,2,"Mitchell, Mr. Henry Michael",male,70.0,0,0,C.A. 24580,10.5,,S
281,0,2,"Wells, Master. Ralph Lester",male,2.0,1,1,29103,23.0,,S
282,1,1,"Fleming, Miss. Margaret",female,,0,0,17421,110.8833,,C
283,0,3,"Sadowitz, Mr. Harry",male,,0,0,LP 1588,7.575,,S
284,0,3,"Dennis, Mr. Samuel",male,22.0,0,0,A/5 21172,7.25,,S
285,0,1,"Rothschild, Mr. Martin",male,55.0,1,0,PC 17603,59.4,,C
286,1,3,"Asplund, Miss. Lillian Gertrud",female,5.0,4,2,347077,31.3875,,S
287,0,1,"Farthing, Mr. John",male,,0,0,PC 17483,221.7792,C95,S
288,0,3,"Calic, Mr. Jovo",male,17.0,0,0,315093,8.6625,,S
289,0,2,"Mudd, Mr. Thomas Charles",male,16.0,0,0,S.O./P.P. 3,10.5,,S
290,1,2,"Hamalainen, Mrs. William (Anna)",female,24.0,0,2,250649,14.5,,S
291,0,3,"Alhomaki, Mr. Ilmari Rudolf",male,20.0,0,0,SOTON/O2 3101287,7.925,,S
292,1,1,"Geiger, Miss. Amalie",female,35.0,0,0,113503,211.5,C130,C
293,1,1,"Beckwith, Mr. Richard Leonard",male,37.0,1,1,11751,52.5542,D35,S
294,1,3,"Drapkin, Miss. Jennie",female,23.0,0,0,SOTON/OQ 392083,8.05,,S
295,0,3,"Pekoniemi, Mr. Edvard",male,21.0,0,0,STON/O 2. 3101294,7.925,,S
296,1,1,"Futrelle, Mrs. Jacques Heath (Lily May Peel)",female,35.0,1,0,113803,53.1,C123,S
297,0,3,"Lobb, Mr. William Arthur",male,30.0,1,0,A/5. 3336,16.1,,S
298,0,3,"Olsen, Master. Artur Karl",male,9.0,0,1,C 17368,3.1708,,S
299,0,1,"Porter, Mr. Walter Chamberlain",male,47.0,0,0,110465,52.0,C110,S
300,0,3,"Asplund, Mr. Johan Charles",male,23.0,0,0,350054,7.7958,,S
301,0,3,"Johnston, Mr. Andrew G",male,,1,2,W./C. 6607,23.45,,S
302,0,2,"Sjostedt, Mr. Ernst Adolf",male,59.0,0,0,237442,13.5,,S
303,1,1,"Taylor, Mrs. Elmer Zebley (Juliet Cummins Wright)",female,,1,0,19996,52.0,C126,S
304,1,1,"Dick, Mrs. Albert Adrian (Vera Gillespie)",female,17.0,1,0,17474,57.0,B20,S
305,0,3,"Hassan, Mr. Houssein G N",male,11.0,0,0,2699,18.7875,,C
306,0,1,"Holverson, Mr. Alexander Oskar",male,42.0,1,0,113789,52.0,,S
307,0,2,"Wheadon, Mr. Edward H",male,66.0,0,0,C.A. 24579,10.5,,S
308,0,3,"Danbom, Mr. Ernst Gilbert",male,34.0,1,1,347080,14.4,,S
309,0,1,"Minahan, Dr. William Edward",male,44.0,2,0,19928,90.0,C78,Q
310,0,3,"Arnold-Franchi, Mr. Josef",male,25.0,1,0,349237,17.8,,S
311,1,3,"McCormack, Mr. Thomas Joseph",male,,0,0,367228,7.75,,Q
312,1,2,"Bystrom, Mrs. (Karolina)",female,42.0,0,0,236852,13.0,,S
313,1,3,"Coutts, Master. William Loch ""William""",male,3.0,1,1,C.A. 37671,15.9,,S
314,0,2,"Caldwell, Mr. Albert Francis",male,26.0,1,1,248738,29.0,,S
315,0,3,"Johansson, Mr. Erik",male,22.0,0,0,350052,7.7958,,S
316,1,1,"Hoyt, Mrs. Frederick Maxfield (Jane Anne Forby)",female,35.0,1,0,19943,90.0,C93,S
317,0,3,"Goncalves, Mr. Manuel Estanslas",male,38.0,0,0,SOTON/O.Q. 3101306,7.05,,S
318,1,3,"Shine, Miss. Ellen Natalia",female,,0,0,330968,7.7792,,Q
319,1,1,"Bidois, Miss. Rosalie",female,42.0,0,0,PC 17757,227.525,,C
320,1,3,"Connolly, Miss. Kate",female,22.0,0,0,370373,7.75,,Q
321,0,2,"Navratil, Mr. Michel (""Louis M Hoffman"")",male,36.5,0,2,230080,26.0,F2,S
322,0,3,"Vestrom, Miss. Hulda Amanda Adolfina",female,14.0,0,0,350406,7.8542,,S
323,1,2,"Leitch, Miss. Jessie Wills",female,,0,0,248727,33.0,,S
324,1,1,"Cornell, Mrs. Robert Clifford (Malvina Helen Lamson)",female,55.0,2,0,11770,25.7,C101,S
325,0,2,"Giles, Mr. Frederick Edward",male,21.0,1,0,28134,11.5,,S
326,1,1,"Holverson, Mrs. Alexander Oskar (Mary Aline Towner)",female,35.0,1,0,113789,52.0,,S
327,0,3,"Maenpaa, Mr. Matti Alexanteri",male,22.0,0,0,STON/O 2. 3101275,7.125,,S
328,1,2,"Navratil, Master. Michel M",male,3.0,1,1,230080,26.0,F2,S
329,1,3,"Davison, Mrs. Thomas Henry (Mary E Finck)",female,,1,0,386525,16.1,,S
330,0,3,"Sage, Mr. George John Jr",male,,8,2,CA. 2343,69.55,,S
331,0,1,"Rosenshine, Mr. George (Mr George Thorne"")""",male,46.0,0,0,PC 17585,79.2,,C
332,0,2,"Hickman, Mr. Stanley George",male,21.0,2,0,S.O.C. 14879,73.5,,S
333,0,3,"Keefe, Mr. Arthur",male,,0,0,323592,7.25,,S
334,1,2,"Hiltunen, Miss. Marta",female,18.0,1,1,250650,13.0,,S
335,0,3,"Elias, Mr. Tannous",male,15.0,1,1,2695,7.2292,,C
336,1,1,"Beckwith, Mrs. Richard Leonard (Sallie Monypeny)",female,47.0,1,1,11751,52.5542,D35,S
337,0,2,"West, Mr. Edwy Arthur",male,36.0,1,2,C.A. 34651,27.75,,S
338,0,1,"Brady, Mr. John Bertram",male,41.0,0,0,113054,30.5,A21,S
339,1,1,"Young, Miss. Marie Grice",female,36.0,0,0,PC 17760,135.6333,C32,C
340,0,2,"Turpin, Mrs. William John Robert (Dorothy Ann Wonnacott)",female,27.0,1,0,11668,21.0,,S
341,1,1,"Ward, Miss. Anna",female,35.0,0,0,PC 17755,512.3292,,C
342,0,2,"Parker, Mr. Clifford Richard",male,28.0,0,0,SC 14888,10.5,,S
343,1,3,"Mulvihill, Miss. Bertha E",female,24.0,0,0,382653,7.75,,Q
344,1,3,"Asplund, Mrs. Carl Oscar (Selma Augusta Emilia Johansson)",female,38.0,1,5,347077,31.3875,,S
345,0,1,"Beattie, Mr. Thomson",male,36.0,0,0,13050,75.2417,C6,C
346,0,3,"Mahon, Mr. John",male,,0,0,AQ/4 3130,7.75,,Q
347,0,3,"Boulos, Miss. Nourelain",female,9.0,1,1,2678,15.2458,,C
348,0,2,"Yrois, Miss. Henriette (""Mrs Harbeck"")",female,24.0,0,0,248747,13.0,,S
349,0,3,"Nenkoff, Mr. Christo",male,,0,0,349234,7.8958,,S
350,0,1,"Artagaveytia, Mr. Ramon",male,71.0,0,0,PC 17609,49.5042,,C
351,0,2,"Maybery, Mr. Frank Hubert",male,40.0,0,0,239059,16.0,,S
352,0,2,"Ashby, Mr. John",male,57.0,0,0,244346,13.0,,S
353,0,3,"Caram, Mr. Joseph",male,,1,0,2689,14.4583,,C
354,0,3,"Karaic, Mr. Milan",male,30.0,0,0,349246,7.8958,,S
355,0,3,"Boulos, Master. Akar",male,6.0,1,1,2678,15.2458,,C
356,1,1,"Swift, Mrs. Frederick Joel (Margaret Welles Barron)",female,48.0,0,0,17466,25.9292,D17,S
357,0,1,"Reuchlin, Jonkheer. John George",male,38.0,0,0,19972,0.0,,S
358,0,2,"Byles, Rev. Thomas Roussel Davids",male,42.0,0,0,244310,13.0,,S
359,1,3,"Baclini, Miss. Marie Catherine",female,5.0,2,1,2666,19.2583,,C
360,0,3,"Ilmakangas, Miss. Pieta Sofia",female,25.0,1,0,STON/O2. 3101271,7.925,,S
361,0,3,"Fox, Mr. Patrick",male,,0,0,368573,7.75,,Q
362,0,3,"Asplund, Master. Clarence Gustaf Hugo",male,9.0,4,2,347077,31.3875,,S
363,0,3,"Lefebre, Master. Henry Forbes",male,,3,1,4133,25.4667,,S
364,1,1,"Spencer, Mrs. William Augustus (Marie Eugenie)",female,,1,0,PC 17569,146.5208,B78,C
365,1,1,"Fortune, Miss. Ethel Flora",female,28.0,3,2,19950,263.0,C23 C25 C27,S
366,0,2,"del Carlo, Mr. Sebastiano",male,29.0,1,0,SC/PARIS 2167,27.7208,,C
367,0,3,"Wiklund, Mr. Karl Johan",male,21.0,1,0,3101266,6.4958,,S
368,0,1,"Blackwell, Mr. Stephen Weart",male,45.0,0,0,113784,35.5,T,S
369,1,1,"Greenfield, Mrs. Leo David (Blanche Strouse)",female,45.0,0,1,PC 17759,63.3583,D10 D12,C
370,1,1,"Sagesser, Mlle. Emma",female,24.0,0,0,PC 17477,69.3,B35,C
371,1,2,"Wells, Mrs. Arthur Henry (Addie"" Dart Trevaskis)""",female,29.0,0,2,29103,23.0,,S
372,0,3,"Elias, Mr. Joseph",male,39.0,0,2,2675,7.2292,,C
373,0,2,"Jefferys, Mr. Ernest Wilfred",male,22.0,2,0,C.A. 31029,31.5,,S
374,1,3,"Foo, Mr. Choong",male,,0,0,1601,56.4958,,S
375,0,1,"Hilliard, Mr. Herbert Henry",male,,0,0,17463,51.8625,E46,S
376,1,3,"Riihivouri, Miss. Susanna Juhantytar Sanni""""",female,22.0,0,0,3101295,39.6875,,S
377,1,2,"Corbett, Mrs. Walter H (Irene Colvin)",female,30.0,0,0,237249,13.0,,S
378,1,2,"Hewlett, Mrs. (Mary D Kingcome) ",female,55.0,0,0,248706,16.0,,S
379,1,2,"Doling, Miss. Elsie",female,18.0,0,1,231919,23.0,,S
380,1,3,"Sage, Mrs. John (Annie Bullen)",female,,1,9,CA. 2343,69.55,,S
381,0,2,"Hocking, Mr. Richard George",male,23.0,2,1,29104,11.5,,S
382,0,2,"Hood, Mr. Ambrose Jr",male,21.0,0,0,S.O.C. 14879,73.5,,S
383,1,1,"Ostby, Miss. Helene Ragnhild",female,22.0,0,1,113509,61.9792,B36,C
384,0,3,"Petterson, Mr. Johan Emil",male,25.0,1,0,347076,7.775,,S
385,1,3,"Aks, Mrs. Sam (Leah Rosen)",female,18.0,0,1,392091,9.35,,S
386,1,2,"Smith, Miss. Marion Elsie",female,40.0,0,0,31418,13.0,,S
387,1,1,"Icard, Miss. Amelie",female,38.0,0,0,113572,80.0,B28,
388,1,1,"Bradley, Mr. George (""George Arthur Brayton"")",male,,0,0,111427,26.55,,S
389,0,3,"Harmer, Mr. Abraham (David Lishin)",male,25.0,0,0,374887,7.25,,S
390,1,3,"Jonsson, Mr. Carl",male,32.0,0,0,350417,7.8542,,S
391,0,3,"Johnston, Master. William Arthur Willie""""",male,,1,2,W./C. 6607,23.45,,S
392,0,2,"Stokes, Mr. Philip Joseph",male,25.0,0,0,F.C.C. 13540,10.5,,S
393,0,3,"Coleff, Mr. Satio",male,24.0,0,0,349209,7.4958,,S
394,1,2,"Troutt, Miss. Edwina Celia ""Winnie""",female,27.0,0,0,34218,10.5,E101,S
395,0,3,"Ford, Mr. Edward Watson",male,18.0,2,2,W./C. 6608,34.375,,S
396,1,1,"Crosby, Miss. Harriet R",female,36.0,0,2,WE/P 5735,71.0,B22,S
397,1,2,"Harper, Miss. Annie Jessie ""Nina""",female,6.0,0,1,248727,33.0,,S
398,0,3,"Dika, Mr. Mirko",male,17.0,0,0,349232,7.8958,,S
399,0,3,"Coelho, Mr. Domingos Fernandeo",male,20.0,0,0,SOTON/O.Q. 3101307,7.05,,S
400,0,3,"van Billiard, Master. Walter John",male,11.5,1,1,A/5. 851,14.5,,S
401,1,1,"Warren, Mrs. Frank Manley (Anna Sophia Atkinson)",female,60.0,1,0,110813,75.25,D37,C
402,1,1,"Rothes, the Countess. of (Lucy Noel Martha Dyer-Edwards)",female,33.0,0,0,110152,86.5,B77,S
403,1,3,"Nakid, Miss. Maria (""Mary"")",female,1.0,0,2,2653,15.7417,,C
404,1,3,"Kink, Miss. Maria",female,22.0,2,0,315152,8.6625,,S
405,0,3,"Berglund, Mr. Karl Ivar Sven",male,22.0,0,0,PP 4348,9.35,,S
406,1,3,"McCoy, Miss. Agnes",female,,2,0,367226,23.25,,Q
407,0,3,"Smiljanic, Mr. Mile",male,,0,0,315037,8.6625,,S
408,1,1,"Francatelli, Miss. Laura Mabel",female,30.0,0,0,PC 17485,56.9292,E36,C
409,0,3,"Palsson, Master. Paul Folke",male,6.0,3,1,349909,21.075,,S
410,1,2,"Davies, Master. John Morgan Jr",male,8.0,1,1,C.A. 33112,36.75,,S
411,0,1,"Natsch, Mr. Charles H",male,37.0,0,1,PC 17596,29.7,C118,C
412,0,3,"Andreasson, Mr. Paul Edvin",male,20.0,0,0,347466,7.8542,,S
413,0,3,"Duquemin, Mr. Joseph",male,24.0,0,0,S.O./P.P. 752,7.55,,S
414,0,2,"Mallet, Mr. Albert",male,31.0,1,1,S.C./PARIS 2079,37.0042,,C
415,0,1,"Widener, Mr. George Dunton",male,50.0,1,1,113503,211.5,C80,C
416,0,3,"Ivanoff, Mr. Kanio",male,,0,0,349201,7.8958,,S
417,0,3,"Bourke, Mr. John",male,40.0,1,1,364849,15.5,,Q
418,1,2,"Wright, Miss. Marion",female,26.0,0,0,220844,13.5,,S
419,0,1,"Tucker, Mr. Gilbert Milligan Jr",male,31.0,0,0,2543,28.5375,C53,C
420,0,1,"Baxter, Mr. Quigg Edmond",male,24.0,0,1,PC 17558,247.5208,B58 B60,C
421,1,3,"Andersson, Miss. Ida Augusta Margareta",female,38.0,4,2,347091,7.775,,S
422,0,1,"Colley, Mr. Edward Pomeroy",male,47.0,0,0,5727,25.5875,E58,S
423,0,3,"Aronsson, Mr. Ernst Axel Algot",male,24.0,0,0,349911,7.775,,S
424,1,1,"Seward, Mr. Frederic Kimber",male,34.0,0,0,113794,26.55,,S
425,1,3,"Rosblom, Miss. Salli Helena",female,2.0,1,1,370129,20.2125,,S
426,0,3,"van Billiard, Master. James William",male,,1,1,A/5. 851,14.5,,S
427,0,2,"Howard, Mr. Benjamin",male,63.0,1,0,24065,26.0,,S
428,1,1,"Bishop, Mrs. Dickinson H (Helen Walton)",female,19.0,1,0,11967,91.0792,B49,C
429,1,3,"Hakkarainen, Mrs. Pekka Pietari (Elin Matilda Dolck)",female,24.0,1,0,STON/O2. 3101279,15.85,,S
430,0,3,"O'Connor, Mr. Maurice",male,,0,0,371060,7.75,,Q
431,0,3,"Adahl, Mr. Mauritz Nils Martin",male,30.0,0,0,C 7076,7.25,,S
432,0,3,"Johanson, Mr. Jakob Alfred",male,34.0,0,0,3101264,6.4958,,S
433,0,2,"Frost, Mr. Anthony Wood ""Archie""",male,,0,0,239854,0.0,,S
434,0,3,"Allum, Mr. Owen George",male,18.0,0,0,2223,8.3,,S
435,0,3,"Katavelas, Mr. Vassilios (Catavelas Vassilios"")""",male,18.5,0,0,2682,7.2292,,C
436,1,3,"Karun, Miss. Manca",female,4.0,0,1,349256,13.4167,,C
437,0,3,"de Messemaeker, Mr. Guillaume Joseph",male,36.5,1,0,345572,17.4,,S
438,1,3,"de Mulder, Mr. Theodore",male,30.0,0,0,345774,9.5,,S
439,1,1,"Homer, Mr. Harry (""Mr E Haven"")",male,35.0,0,0,111426,26.55,,C
440,0,3,"Olsson, Mr. Nils Johan Goransson",male,28.0,0,0,347464,7.8542,,S
441,1,1,"Graham, Mrs. William Thompson (Edith Junkins)",female,58.0,0,1,PC 17582,153.4625,C125,S
442,0,3,"Osen, Mr. Olaf Elon",male,16.0,0,0,7534,9.2167,,S
443,1,3,"Henriksson, Miss. Jenny Lovisa",female,28.0,0,0,347086,7.775,,S
444,1,2,"Louch, Mrs. Charles Alexander (Alice Adelaide Slow)",female,42.0,1,0,SC/AH 3085,26.0,,S
445,1,3,"Devaney, Miss. Margaret Delia",female,19.0,0,0,330958,7.8792,,Q
446,1,3,"Buckley, Miss. Katherine",female,18.5,0,0,329944,7.2833,,Q
447,0,1,"Chaffee, Mr. Herbert Fuller",male,46.0,1,0,W.E.P. 5734,61.175,E31,S
448,1,2,"Nasser, Mrs. Nicholas (Adele Achem)",female,14.0,1,0,237736,30.0708,,C
449,1,3,"O'Dwyer, Miss. Ellen ""Nellie""",female,,0,0,330959,7.8792,,Q
450,0,1,"Lindeberg-Lind, Mr. Erik Gustaf (Mr Edward Lingrey"")""",male,42.0,0,0,17475,26.55,,S
451,0,1,"Robbins, Mr. Victor",male,,0,0,PC 17757,227.525,,C
452,0,3,"Yasbeck, Mr. Antoni",male,27.0,1,0,2659,14.4542,,C
453,0,1,"Nicholson, Mr. Arthur Ernest",male,64.0,0,0,693,26.0,,S
454,1,2,"Hart, Miss. Eva Miriam",female,7.0,0,2,F.C.C. 13529,26.25,,S
455,0,3,"Myhrman, Mr. Pehr Fabian Oliver Malkolm",male,18.0,0,0,347078,7.75,,S
456,0,3,"Boulos, Mrs. Joseph (Sultana)",female,,0,2,2678,15.2458,,C
457,0,2,"Harbeck, Mr. William H",male,44.0,0,0,248746,13.0,,S
458,1,2,"Karnes, Mrs. J Frank (Claire Bennett)",female,22.0,0,0,F.C.C. 13534,21.0,,S
459,0,3,"Lemberopolous, Mr. Peter L",male,34.5,0,0,2683,6.4375,,C
460,0,3,"Dimic, Mr. Jovan",male,42.0,0,0,315088,8.6625,,S
461,0,1,"Ovies y Rodriguez, Mr. Servando",male,28.5,0,0,PC 17562,27.7208,D43,C
462,0,1,"Lewy, Mr. Ervin G",male,,0,0,PC 17612,27.7208,,C
463,1,1,"Newell, Miss. Madeleine",female,31.0,1,0,35273,113.275,D36,C
464,0,3,"Goodwin, Mr. Charles Edward",male,14.0,5,2,CA 2144,46.9,,S
465,1,3,"Sheerlinck, Mr. Jan Baptist",male,29.0,0,0,345779,9.5,,S
466,0,1,"Fortune, Mr. Charles Alexander",male,19.0,3,2,19950,263.0,C23 C25 C27,S
467,1,3,"Dowdell, Miss. Elizabeth",female,30.0,0,0,364516,12.475,,S
468,0,1,"Butt, Major. Archibald Willingham",male,45.0,0,0,113050,26.55,B38,S
469,0,3,"Minkoff, Mr. Lazar",male,21.0,0,0,349211,7.8958,,S
470,1,2,"Quick, Mrs. Frederick Charles (Jane Richards)",female,33.0,0,2,26360,26.0,,S
471,1,1,"Penasco y Castellana, Mrs. Victor de Satode (Maria Josefa Perez de Soto y Vallejo)",female,17.0,1,0,PC 17758,108.9,C65,C
472,1,1,"Newell, Miss. Marjorie",female,23.0,1,0,35273,113.275,D36,C
473,0,3,"Ford, Mrs. Edward (Margaret Ann Watson)",female,48.0,1,3,W./C. 6608,34.375,,S
474,1,1,"Spedden, Mrs. Frederic Oakley (Margaretta Corning Stone)",female,40.0,1,1,16966,134.5,E34,C
475,0,3,"Toufik, Mr. Nakli",male,,0,0,2641,7.2292,,C
476,0,3,"Saad, Mr. Khalil",male,25.0,0,0,2672,7.225,,C
477,0,3,"Palsson, Master. Gosta Leonard",male,2.0,3,1,349909,21.075,,S
478,1,2,"Nye, Mrs. (Elizabeth Ramell)",female,29.0,0,0,C.A. 29395,10.5,F33,S
479,0,3,"Brobeck, Mr. Karl Rudolf",male,22.0,0,0,350045,7.7958,,S
480,0,1,"Stengel, Mr. Charles Emil Henry",male,54.0,1,0,11778,55.4417,C116,C
481,0,3,"Goodwin, Master. Harold Victor",male,9.0,5,2,CA 2144,46.9,,S
482,1,3,"Howard, Miss. May Elizabeth",female,,0,0,A. 2. 39186,8.05,,S
483,0,3,"Ryan, Mr. Edward",male,,0,0,383162,7.75,,Q
484,1,3,"Peacock, Miss. Treasteall",female,3.0,1,1,SOTON/O.Q. 3101315,13.775,,S
485,1,1,"Bjornstrom-Steffansson, Mr. Mauritz Hakan",male,28.0,0,0,110564,26.55,C52,S
486,0,3,"Delalic, Mr. Redjo",male,25.0,0,0,349250,7.8958,,S
487,0,2,"Aldworth, Mr. Charles Augustus",male,30.0,0,0,248744,13.0,,S
488,0,3,"Boulos, Mr. Hanna",male,,0,0,2664,7.225,,C
489,0,2,"Hart, Mr. Benjamin",male,43.0,1,1,F.C.C. 13529,26.25,,S
490,0,2,"Carbines, Mr. William",male,19.0,0,0,28424,13.0,,S
491,1,3,"Goldsmith, Mrs. Frank John (Emily Alice Brown)",female,31.0,1,1,363291,20.525,,S
492,0,3,"Kink, Mr. Vincenz",male,26.0,2,0,315151,8.6625,,S
493,1,3,"McNamee, Mrs. Neal (Eileen O'Leary)",female,19.0,1,0,376566,16.1,,S
494,0,1,"Dulles, Mr. William Crothers",male,39.0,0,0,PC 17580,29.7,A18,C
495,1,2,"Padro y Manent, Mr. Julian",male,,0,0,SC/PARIS 2146,13.8625,,C
496,1,1,"Frolicher-Stehli, Mrs. Maxmillian (Margaretha Emerentia Stehli)",female,48.0,1,1,13567,79.2,B41,C
497,1,1,"Compton, Mrs. Alexander Taylor (Mary Eliza Ingersoll)",female,64.0,0,2,PC 17756,83.1583,E45,C
498,1,2,"Webber, Miss. Susan",female,32.5,0,0,27267,13.0,E101,S
499,0,3,"Saether, Mr. Simon Sivertsen",male,38.5,0,0,SOTON/O.Q. 3101262,7.25,,S
500,0,3,"Leonard, Mr. Lionel",male,36.0,0,0,LINE,0.0,,S
501,1,3,"Risien, Mrs. Samuel (Emma)",female,,0,0,364498,14.5,,S
502,1,1,"Cassebeer, Mrs. Henry Arthur Jr (Eleanor Genevieve Fosdick)",female,,0,0,17770,27.7208,,C
503,1,3,"Niskanen, Mr. Juha",male,39.0,0,0,STON/O 2. 3101289,7.925,,S
504,1,1,"Bishop, Mr. Dickinson H",male,25.0,1,0,11967,91.0792,B49,C
505,0,3,"Davies, Mr. Evan",male,22.0,0,0,SC/A4 23568,8.05,,S
506,0,3,"Rommetvedt, Mr. Knud Paust",male,,0,0,312993,7.775,,S
507,0,2,"Dibden, Mr. William",male,18.0,0,0,S.O.C. 14879,73.5,,S
508,1,2,"Ridsdale, Miss. Lucy",female,50.0,0,0,W./C. 14258,10.5,,S
509,0,3,"Ware, Mr. Frederick",male,,0,0,359309,8.05,,S
510,0,3,"Larsson-Rondberg, Mr. Edvard A",male,22.0,0,0,347065,7.775,,S
511,0,2,"Pernot, Mr. Rene",male,,0,0,SC/PARIS 2131,15.05,,C
512,1,1,"Pears, Mrs. Thomas (Edith Wearne)",female,22.0,1,0,113776,66.6,C2,S
513,0,3,"Kelly, Mr. James",male,44.0,0,0,363592,8.05,,S
514,0,2,"Pain, Dr. Alfred",male,23.0,0,0,244278,10.5,,S
515,1,2,"Abelson, Mrs. Samuel (Hannah Wizosky)",female,28.0,1,0,P/PP 3381,24.0,,C
516,0,3,"Matinoff, Mr. Nicola",male,,0,0,349255,7.8958,,C
517,0,1,"Astor, Col. John Jacob",male,47.0,1,0,PC 17757,227.525,C62 C64,C
518,1,3,"Gilnagh, Miss. Katherine ""Katie""",female,16.0,0,0,35851,7.7333,,Q
519,0,3,"Strandberg, Miss. Ida Sofia",female,22.0,0,0,7553,9.8375,,S
520,1,1,"Maioni, Miss. Roberta",female,16.0,0,0,110152,86.5,B79,S
521,0,3,"Goldsmith, Mr. Nathan",male,41.0,0,0,SOTON/O.Q. 3101263,7.85,,S
522,0,1,"Harris, Mr. Henry Birkhardt",male,45.0,1,0,36973,83.475,C83,S
523,1,1,"Kimball, Mrs. Edwin Nelson Jr (Gertrude Parsons)",female,45.0,1,0,11753,52.5542,D19,S
524,1,1,"Kimball, Mr. Edwin Nelson Jr",male,42.0,1,0,11753,52.5542,D19,S
525,0,1,"Thayer, Mr. John Borland",male,49.0,1,1,17421,110.8833,C68,C
526,0,1,"Jones, Mr. Charles Cresson",male,46.0,0,0,694,26.0,,S
527,0,3,"Rintamaki, Mr. Matti",male,35.0,0,0,STON/O 2. 3101273,7.125,,S
528,0,1,"Harrison, Mr. William",male,40.0,0,0,112059,0.0,B94,S
529,0,3,"Goodwin, Mrs. Frederick (Augusta Tyler)",female,43.0,1,6,CA 2144,46.9,,S
530,1,1,"Rothschild, Mrs. Martin (Elizabeth L. Barrett)",female,54.0,1,0,PC 17603,59.4,,C
531,0,2,"Levy, Mr. Rene Jacques",male,36.0,0,0,SC/Paris 2163,12.875,D,C
532,1,3,"Baclini, Miss. Eugenie",female,0.75,2,1,2666,19.2583,,C
533,0,3,"Willey, Mr. Edward",male,,0,0,S.O./P.P. 751,7.55,,S
534,0,3,"Rice, Master. George Hugh",male,8.0,4,1,382652,29.125,,Q
535,1,3,"Peter, Mrs. Catherine (Catherine Rizk)",female,,0,2,2668,22.3583,,C
536,0,3,"Dean, Mr. Bertram Frank",male,26.0,1,2,C.A. 2315,20.575,,S
537,0,3,"Holm, Mr. John Fredrik Alexander",male,43.0,0,0,C 7075,6.45,,S
538,0,3,"Salander, Mr. Karl Johan",male,24.0,0,0,7266,9.325,,S
539,0,1,"Klaber, Mr. Herman",male,,0,0,113028,26.55,C124,S
540,0,1,"Hoyt, Mr. William Fisher",male,,0,0,PC 17600,30.6958,,C
541,0,3,"Morrow, Mr. Thomas Rowan",male,,0,0,372622,7.75,,Q
542,1,3,"Cohen, Mr. Gurshon ""Gus""",male,18.0,0,0,A/5 3540,8.05,,S
543,1,3,"Dean, Mrs. Bertram (Eva Georgetta Light)",female,33.0,1,2,C.A. 2315,20.575,,S
544,1,3,"Oreskovic, Miss. Jelka",female,23.0,0,0,315085,8.6625,,S
545,1,1,"Harris, Mrs. Henry Birkhardt (Irene Wallach)",female,35.0,1,0,36973,83.475,C83,S
546,0,1,"Wright, Mr. George",male,62.0,0,0,113807,26.55,,S
547,1,2,"Silven, Miss. Lyyli Karoliina",female,18.0,0,2,250652,13.0,,S
548,0,3,"Webber, Mr. James",male,,0,0,SOTON/OQ 3101316,8.05,,S
549,0,3,"Strom, Miss. Telma Matilda",female,2.0,0,1,347054,10.4625,G6,S
550,1,1,"Kreuchen, Miss. Emilie",female,39.0,0,0,24160,211.3375,,S
551,1,1,"Thorne, Mrs. Gertrude Maybelle",female,,0,0,PC 17585,79.2,,C
552,0,3,"Barton, Mr. David John",male,22.0,0,0,324669,8.05,,S
553,0,3,"Kalvik, Mr. Johannes Halvorsen",male,21.0,0,0,8475,8.4333,,S
554,0,3,"Allen, Mr. William Henry",male,35.0,0,0,373450,8.05,,S
555,0,3,"Theobald, Mr. Thomas Leonard",male,34.0,0,0,363294,8.05,,S
556,1,3,"Jermyn, Miss. Annie",female,,0,0,14313,7.75,,Q
557,1,3,"McNeill, Miss. Bridget",female,,0,0,370368,7.75,,Q
558,0,3,"Gustafsson, Mr. Alfred Ossian",male,20.0,0,0,7534,9.8458,,S
559,1,3,"Murphy, Miss. Nora",female,,0,0,36568,15.5,,Q
560,0,3,"Rosblom, Mr. Viktor Richard",male,18.0,1,1,370129,20.2125,,S
561,1,3,"Lindell, Mrs. Edvard Bengtsson (Elin Gerda Persson)",female,30.0,1,0,349910,15.55,,S
562,1,1,"Smith, Mrs. Lucien Philip (Mary Eloise Hughes)",female,18.0,1,0,13695,60.0,C31,S
563,1,3,"Whabee, Mrs. George Joseph (Shawneene Abi-Saab)",female,38.0,0,0,2688,7.2292,,C
564,0,3,"Mineff, Mr. Ivan",male,24.0,0,0,349233,7.8958,,S
565,0,3,"Kilgannon, Mr. Thomas J",male,,0,0,36865,7.7375,,Q
566,1,1,"Graham, Miss. Margaret Edith",female,19.0,0,0,112053,30.0,B42,S
567,0,1,"Stewart, Mr. Albert A",male,,0,0,PC 17605,27.7208,,C
568,1,2,"Quick, Miss. Phyllis May",female,2.0,1,1,26360,26.0,,S
569,0,1,"Pears, Mr. Thomas Clinton",male,29.0,1,0,113776,66.6,C2,S
570,0,3,"Lockyer, Mr. Edward",male,,0,0,1222,7.8792,,S
571,0,3,"Elias, Mr. Joseph Jr",male,17.0,1,1,2690,7.2292,,C
572,1,2,"Bentham, Miss. Lilian W",female,19.0,0,0,28404,13.0,,S
573,0,3,"Cor, Mr. Ivan",male,27.0,0,0,349229,7.8958,,S
574,0,3,"Gustafsson, Mr. Johan Birger",male,28.0,2,0,3101277,7.925,,S
575,1,1,"Ryerson, Miss. Susan Parker ""Suzette""",female,21.0,2,2,PC 17608,262.375,B57 B59 B63 B66,C
576,0,3,"Canavan, Miss. Mary",female,21.0,0,0,364846,7.75,,Q
577,1,1,"Meyer, Mrs. Edgar Joseph (Leila Saks)",female,,1,0,PC 17604,82.1708,,C
578,0,1,"Carlsson, Mr. Frans Olof",male,33.0,0,0,695,5.0,B51 B53 B55,S
579,0,1,"Penasco y Castellana, Mr. Victor de Satode",male,18.0,1,0,PC 17758,108.9,C65,C
580,0,3,"Vander Planke, Mr. Leo Edmondus",male,16.0,2,0,345764,18.0,,S
581,0,3,"Goldsmith, Mr. Frank John",male,33.0,1,1,363291,20.525,,S
582,1,3,"Jussila, Mr. Eiriik",male,32.0,0,0,STON/O 2. 3101286,7.925,,S
583,0,3,"Sage, Mr. Douglas Bullen",male,,8,2,CA. 2343,69.55,,S
584,0,3,"Duane, Mr. Frank",male,65.0,0,0,336439,7.75,,Q
585,1,3,"Najib, Miss. Adele Kiamie ""Jane""",female,15.0,0,0,2667,7.225,,C
586,0,2,"Funk, Miss. Annie Clemmer",female,38.0,0,0,237671,13.0,,S
587,1,3,"Nieminen, Miss. Manta Josefina",female,29.0,0,0,3101297,7.925,,S
588,0,2,"Peruschitz, Rev. Joseph Maria",male,41.0,0,0,237393,13.0,,S
589,0,1,"Rowe, Mr. Alfred G",male,33.0,0,0,113790,26.55,,S
590,0,3,"Nancarrow, Mr. William Henry",male,33.0,0,0,A./5. 3338,8.05,,S
591,1,1,"Appleton, Mrs. Edward Dale (Charlotte Lamson)",female,53.0,2,0,11769,51.4792,C101,S
592,1,3,"Moussa, Mrs. (Mantoura Boulos)",female,,0,0,2626,7.2292,,C
593,1,1,"White, Mrs. John Stuart (Ella Holmes)",female,55.0,0,0,PC 17760,135.6333,C32,C
594,1,1,"Hassab, Mr. Hammad",male,27.0,0,0,PC 17572,76.7292,D49,C
595,0,3,"Aks, Master. Philip Frank",male,0.83,0,1,392091,9.35,,S
596,1,1,"Brown, Mrs. James Joseph (Margaret Tobin)",female,44.0,0,0,PC 17610,27.7208,B4,C
597,1,2,"Navratil, Master. Edmond Roger",male,2.0,1,1,230080,26.0,F2,S
598,0,1,"Stead, Mr. William Thomas",male,62.0,0,0,113514,26.55,C87,S
599,0,3,"Samaan, Mr. Youssef",male,,2,0,2662,21.6792,,C
600,1,2,"Ilett, Miss. Bertha",female,17.0,0,0,SO/C 14885,10.5,,S
601,0,3,"Gronnestad, Mr. Daniel Danielsen",male,32.0,0,0,8471,8.3625,,S
602,0,3,"Christmann, Mr. Emil",male,29.0,0,0,343276,8.05,,S
603,0,3,"Jussila, Miss. Katriina",female,20.0,1,0,4136,9.825,,S
604,1,2,"Wells, Miss. Joan",female,4.0,1,1,29103,23.0,,S
605,0,2,"McCrie, Mr. James Matthew",male,30.0,0,0,233478,13.0,,S
606,0,3,"Doharr, Mr. Tannous",male,,0,0,2686,7.2292,,C
607,1,3,"Madsen, Mr. Fridtjof Arne",male,24.0,0,0,C 17369,7.1417,,S
608,0,3,"Dahlberg, Miss. Gerda Ulrika",female,22.0,0,0,7552,10.5167,,S
609,0,3,"Oreskovic, Miss. Marija",female,20.0,0,0,315096,8.6625,,S
610,0,3,"Lester, Mr. James",male,39.0,0,0,A/4 48871,24.15,,S
611,1,2,"Watt, Mrs. James (Elizabeth ""Bessie"" Inglis Milne)",female,40.0,0,0,C.A. 33595,15.75,,S
612,0,3,"Dooley, Mr. Patrick",male,32.0,0,0,370376,7.75,,Q
613,0,2,"Hale, Mr. Reginald",male,30.0,0,0,250653,13.0,,S
614,0,2,"Andrew, Mr. Frank Thomas",male,25.0,0,0,C.A. 34050,10.5,,S
615,0,3,"Shaughnessy, Mr. Patrick",male,,0,0,370374,7.75,,Q
616,1,2,"Garside, Miss. Ethel",female,34.0,0,0,243880,13.0,,S
617,1,2,"Ball, Mrs. (Ada E Hall)",female,36.0,0,0,28551,13.0,D,S
618,1,2,"Duran y More, Miss. Florentina",female,30.0,1,0,SC/PARIS 2148,13.8583,,C
619,1,3,"Daly, Miss. Margaret Marcella Maggie""""",female,30.0,0,0,382650,6.95,,Q
620,0,3,"Badt, Mr. Mohamed",male,40.0,0,0,2623,7.225,,C
621,1,1,"Blank, Mr. Henry",male,40.0,0,0,112277,31.0,A31,C
622,1,1,"Chambers, Mrs. Norman Campbell (Bertha Griggs)",female,33.0,1,0,113806,53.1,E8,S
623,0,3,"Sap, Mr. Julius",male,25.0,0,0,345768,9.5,,S
624,1,3,"Moran, Miss. Bertha",female,,1,0,371110,24.15,,Q
625,1,3,"Rasmussen, Mrs. (Lena Jacobsen Solvang)",female,,0,0,65305,8.1125,,S
626,0,3,"Vander Planke, Mr. Julius",male,31.0,3,0,345763,18.0,,S
627,0,2,"Hickman, Mr. Leonard Mark",male,24.0,2,0,S.O.C. 14879,73.5,,S
628,0,3,"Larsson, Mr. August Viktor",male,29.0,0,0,7545,9.4833,,S
629,0,1,"Parr, Mr. William Henry Marsh",male,,0,0,112052,0.0,,S
630,0,1,"Omont, Mr. Alfred Fernand",male,,0,0,F.C. 12998,25.7417,,C
631,0,2,"Bowenur, Mr. Solomon",male,42.0,0,0,211535,13.0,,S
632,0,3,"Yousseff, Mr. Gerious",male,,0,0,2627,14.4583,,C
633,1,3,"Peter, Miss. Anna",female,,1,1,2668,22.3583,F E69,C
634,0,2,"Hickman, Mr. Lewis",male,32.0,2,0,S.O.C. 14879,73.5,,S
635,0,3,"Sivola, Mr. Antti Wilhelm",male,21.0,0,0,STON/O 2. 3101280,7.925,,S
636,0,1,"Crosby, Capt. Edward Gifford",male,70.0,1,1,WE/P 5735,71.0,B22,S
637,0,3,"Olsen, Mr. Karl Siegwart Andreas",male,42.0,0,1,4579,8.4042,,S
638,1,2,"Mellinger, Miss. Madeleine Violet",female,13.0,0,1,250644,19.5,,S
639,0,3,"Palsson, Miss. Torborg Danira",female,8.0,3,1,349909,21.075,,S
640,1,1,"Ryerson, Mrs. Arthur Larned (Emily Maria Borie)",female,48.0,1,3,PC 17608,262.375,B57 B59 B63 B66,C
641,0,2,"Mack, Mrs. (Mary)",female,57.0,0,0,S.O./P.P. 3,10.5,E77,S
642,1,1,"Minahan, Miss. Daisy E",female,33.0,1,0,19928,90.0,C78,Q
643,0,3,"Panula, Mr. Jaako Arnold",male,14.0,4,1,3101295,39.6875,,S
644,0,3,"Nilsson, Mr. August Ferdinand",male,21.0,0,0,350410,7.8542,,S
645,0,2,"Nesson, Mr. Israel",male,26.0,0,0,244368,13.0,F2,S
646,0,3,"Zakarian, Mr. Mapriededer",male,26.5,0,0,2656,7.225,,C
647,0,3,"Skoog, Master. Harald",male,4.0,3,2,347088,27.9,,S
648,1,1,"Duff Gordon, Sir. Cosmo Edmund (""Mr Morgan"")",male,49.0,1,0,PC 17485,56.9292,A20,C
649,1,1,"Perreault, Miss. Anne",female,30.0,0,0,12749,93.5,B73,S
650,0,2,"Turpin, Mr. William John Robert",male,29.0,1,0,11668,21.0,,S
651,1,3,"McGovern, Miss. Mary",female,,0,0,330931,7.8792,,Q
652,0,2,"Jacobsohn, Mr. Sidney Samuel",male,42.0,1,0,243847,27.0,,S
653,0,2,"Rogers, Mr. Reginald Harry",male,19.0,0,0,28004,10.5,,S
654,0,3,"Lundstrom, Mr. Thure Edvin",male,32.0,0,0,350403,7.5792,,S
655,1,1,"Harder, Mr. George Achilles",male,25.0,1,0,11765,55.4417,E50,C
656,0,3,"Davies, Mr. Alfred J",male,24.0,2,0,A/4 48871,24.15,,S
657,1,3,"Dyker, Mrs. Adolf Fredrik (Anna Elisabeth Judith Andersson)",female,22.0,1,0,347072,13.9,,S
658,0,3,"Smith, Mr. Thomas",male,,0,0,384461,7.75,,Q
659,0,3,"Hee, Mr. Ling",male,,0,0,1601,56.4958,,S
660,0,3,"Andersson, Miss. Ellis Anna Maria",female,2.0,4,2,347082,31.275,,S
661,0,3,"Saade, Mr. Jean Nassr",male,,0,0,2676,7.225,,C
662,0,3,"Crease, Mr. Ernest James",male,19.0,0,0,S.P. 3464,8.1583,,S
663,1,1,"Silvey, Mrs. William Baird (Alice Munger)",female,39.0,1,0,13507,55.9,E44,S
664,1,3,"O'Brien, Mrs. Thomas (Johanna ""Hannah"" Godfrey)",female,,1,0,370365,15.5,,Q
665,0,3,"Lithman, Mr. Simon",male,,0,0,S.O./P.P. 251,7.55,,S
666,0,2,"Jefferys, Mr. Clifford Thomas",male,24.0,2,0,C.A. 31029,31.5,,S
667,0,3,"Moran, Mr. Daniel J",male,,1,0,371110,24.15,,Q
668,0,1,"Graham, Mr. George Edward",male,38.0,0,1,PC 17582,153.4625,C91,S
669,0,1,"Allison, Mrs. Hudson J C (Bessie Waldo Daniels)",female,25.0,1,2,113781,151.55,C22 C26,S
670,1,2,"Watt, Miss. Bertha J",female,12.0,0,0,C.A. 33595,15.75,,S
671,0,3,"Asim, Mr. Adola",male,35.0,0,0,SOTON/O.Q. 3101310,7.05,,S
672,1,1,"Lindstrom, Mrs. Carl Johan (Sigrid Posse)",female,55.0,0,0,112377,27.7208,,C
673,1,3,"Cacic, Miss. Manda",female,21.0,0,0,315087,8.6625,,S
674,1,3,"Dean, Miss. Elizabeth Gladys Millvina""""",female,0.17,1,2,C.A. 2315,20.575,,S
675,0,1,"Partner, Mr. Austen",male,45.5,0,0,113043,28.5,C124,S
676,1,2,"Brown, Miss. Amelia ""Mildred""",female,24.0,0,0,248733,13.0,F33,S
677,1,3,"Braf, Miss. Elin Ester Maria",female,20.0,0,0,347471,7.8542,,S
678,0,3,"Betros, Master. Seman",male,,0,0,2622,7.2292,,C
679,1,1,"Snyder, Mrs. John Pillsbury (Nelle Stevenson)",female,23.0,1,0,21228,82.2667,B45,S
680,0,3,"Garfirth, Mr. John",male,,0,0,358585,14.5,,S
681,0,3,"Coxon, Mr. Daniel",male,59.0,0,0,364500,7.25,,S
682,0,2,"Fynney, Mr. Joseph J",male,35.0,0,0,239865,26.0,,S
683,1,3,"Assaf Khalil, Mrs. Mariana (Miriam"")""",female,45.0,0,0,2696,7.225,,C
684,1,3,"Andersen-Jensen, Miss. Carla Christine Nielsine",female,19.0,1,0,350046,7.8542,,S
685,1,3,"Turja, Miss. Anna Sofia",female,18.0,0,0,4138,9.8417,,S
686,0,2,"Norman, Mr. Robert Douglas",male,28.0,0,0,218629,13.5,,S
687,0,1,"Rood, Mr. Hugh Roscoe",male,,0,0,113767,50.0,A32,S
688,0,3,"Heininen, Miss. Wendla Maria",female,23.0,0,0,STON/O2. 3101290,7.925,,S
689,0,3,"Foley, Mr. William",male,,0,0,365235,7.75,,Q
690,1,3,"Glynn, Miss. Mary Agatha",female,,0,0,335677,7.75,,Q
691,1,1,"Willard, Miss. Constance",female,21.0,0,0,113795,26.55,,S
692,0,3,"Scanlan, Mr. James",male,,0,0,36209,7.725,,Q
693,1,1,"Hays, Miss. Margaret Bechstein",female,24.0,0,0,11767,83.1583,C54,C
694,0,1,"Loring, Mr. Joseph Holland",male,30.0,0,0,113801,45.5,,S
695,0,3,"Tikkanen, Mr. Juho",male,32.0,0,0,STON/O 2. 3101293,7.925,,S
696,1,3,"McCoy, Miss. Alicia",female,,2,0,367226,23.25,,Q
697,0,3,"Rouse, Mr. Richard Henry",male,50.0,0,0,A/5 3594,8.05,,S
698,0,3,"Ahlin, Mrs. Johan (Johanna Persdotter Larsson)",female,40.0,1,0,7546,9.475,,S
699,0,3,"Danbom, Mrs. Ernst Gilbert (Anna Sigrid Maria Brogren)",female,28.0,1,1,347080,14.4,,S
700,0,3,"Rice, Master. Albert",male,10.0,4,1,382652,29.125,,Q
701,1,1,"Evans, Miss. Edith Corse",female,36.0,0,0,PC 17531,31.6792,A29,C
702,0,1,"Ismay, Mr. Joseph Bruce",male,49.0,0,0,112058,0.0,B52 B54 B56,S
703,0,3,"Sadlier, Mr. Matthew",male,,0,0,367655,7.7292,,Q
704,0,2,"Bracken, Mr. James H",male,27.0,0,0,220367,13.0,,S
705,0,1,"Hipkins, Mr. William Edward",male,55.0,0,0,680,50.0,C39,S
706,0,2,"Kantor, Mr. Sinai",male,34.0,1,0,244367,26.0,,S
707,1,3,"Backstrom, Mrs. Karl Alfred (Maria Mathilda Gustafsson)",female,33.0,3,0,3101278,15.85,,S
708,0,3,"Staneff, Mr. Ivan",male,,0,0,349208,7.8958,,S
709,0,2,"Louch, Mr. Charles Alexander",male,50.0,1,0,SC/AH 3085,26.0,,S
710,0,3,"McEvoy, Mr. Michael",male,,0,0,36568,15.5,,Q
711,1,2,"Faunthorpe, Mrs. Lizzie (Elizabeth Anne Wilkinson)",female,29.0,1,0,2926,26.0,,S
712,1,2,"Bryhl, Miss. Dagmar Jenny Ingeborg ",female,20.0,1,0,236853,26.0,,S
713,0,3,"Andersson, Miss. Ingeborg Constanzia",female,9.0,4,2,347082,31.275,,S
714,0,3,"Davison, Mr. Thomas Henry",male,,1,0,386525,16.1,,S
715,0,2,"Cunningham, Mr. Alfred Fleming",male,,0,0,239853,0.0,,S
716,0,3,"Svensson, Mr. Johan Cervin",male,14.0,0,0,7538,9.225,,S
717,0,3,"Gallagher, Mr. Martin",male,25.0,0,0,36864,7.7417,,Q
718,0,3,"Cook, Mr. Jacob",male,43.0,0,0,A/5 3536,8.05,,S
719,1,3,"Johnson, Mrs. Oscar W (Elisabeth Vilhelmina Berg)",female,27.0,0,2,347742,11.1333,,S
720,0,3,"Ford, Miss. Robina Maggie ""Ruby""",female,9.0,2,2,W./C. 6608,34.375,,S
721,1,2,"Christy, Miss. Julie Rachel",female,25.0,1,1,237789,30.0,,S
722,1,3,"Johnston, Mrs. Andrew G (Elizabeth Lily"" Watson)""",female,,1,2,W./C. 6607,23.45,,S
723,0,3,"Kallio, Mr. Nikolai Erland",male,17.0,0,0,STON/O 2. 3101274,7.125,,S
724,0,3,"Holthen, Mr. Johan Martin",male,28.0,0,0,C 4001,22.525,,S
725,0,3,"Risien, Mr. Samuel Beard",male,,0,0,364498,14.5,,S
726,0,2,"Myles, Mr. Thomas Francis",male,62.0,0,0,240276,9.6875,,Q
727,1,1,"Frolicher, Miss. Hedwig Margaritha",female,22.0,0,2,13568,49.5,B39,C
728,1,1,"Stahelin-Maeglin, Dr. Max",male,32.0,0,0,13214,30.5,B50,C
729,0,3,"Vartanian, Mr. David",male,22.0,0,0,2658,7.225,,C
730,0,3,"Krekorian, Mr. Neshan",male,25.0,0,0,2654,7.2292,F E57,C
731,1,3,"Sandstrom, Mrs. Hjalmar (Agnes Charlotta Bengtsson)",female,24.0,0,2,PP 9549,16.7,G6,S
732,0,1,"Cumings, Mr. John Bradley",male,39.0,1,0,PC 17599,71.2833,C85,C
733,1,1,"Chaudanson, Miss. Victorine",female,36.0,0,0,PC 17608,262.375,B61,C
734,1,1,"Schabert, Mrs. Paul (Emma Mock)",female,35.0,1,0,13236,57.75,C28,C
735,1,3,"Leeni, Mr. Fahim (""Philip Zenni"")",male,22.0,0,0,2620,7.225,,C
736,1,3,"Pickard, Mr. Berk (Berk Trembisky)",male,32.0,0,0,SOTON/O.Q. 392078,8.05,E10,S
737,1,3,"Cribb, Miss. Laura Alice",female,17.0,0,1,371362,16.1,,S
738,1,1,"Carter, Master. William Thornton II",male,11.0,1,2,113760,120.0,B96 B98,S
739,1,1,"Dick, Mr. Albert Adrian",male,31.0,1,0,17474,57.0,B20,S
740,0,3,"Markun, Mr. Johann",male,33.0,0,0,349257,7.8958,,S
741,0,3,"Nankoff, Mr. Minko",male,,0,0,349218,7.8958,,S
742,0,3,"Rice, Mrs. William (Margaret Norton)",female,39.0,0,5,382652,29.125,,Q
743,0,3,"Flynn, Mr. John",male,,0,0,368323,6.95,,Q
744,0,1,"Spencer, Mr. William Augustus",male,57.0,1,0,PC 17569,146.5208,B78,C
745,1,1,"Leader, Dr. Alice (Farnham)",female,49.0,0,0,17465,25.9292,D17,S
746,0,2,"Clarke, Mr. Charles Valentine",male,29.0,1,0,2003,26.0,,S
747,1,2,"Corey, Mrs. Percy C (Mary Phyllis Elizabeth Miller)",female,,0,0,F.C.C. 13534,21.0,,S
748,1,3,"Turkula, Mrs. (Hedwig)",female,63.0,0,0,4134,9.5875,,S
749,0,1,"Carrau, Mr. Jose Pedro",male,17.0,0,0,113059,47.1,,S
750,0,3,"Tomlin, Mr. Ernest Portage",male,30.5,0,0,364499,8.05,,S
751,0,3,"Peters, Miss. Katie",female,,0,0,330935,8.1375,,Q
752,0,3,"Sage, Master. William Henry",male,14.5,8,2,CA. 2343,69.55,,S
753,1,3,"Thorneycroft, Mrs. Percival (Florence Kate White)",female,,1,0,376564,16.1,,S
754,0,3,"Skoog, Miss. Margit Elizabeth",female,2.0,3,2,347088,27.9,,S
755,1,1,"Douglas, Mrs. Walter Donald (Mahala Dutton)",female,48.0,1,0,PC 17761,106.425,C86,C
756,1,2,"Ware, Mrs. John James (Florence Louise Long)",female,31.0,0,0,CA 31352,21.0,,S
757,0,3,"Lindell, Mr. Edvard Bengtsson",male,36.0,1,0,349910,15.55,,S
758,0,2,"Schmidt, Mr. August",male,26.0,0,0,248659,13.0,,S
759,0,3,"Moutal, Mr. Rahamin Haim",male,,0,0,374746,8.05,,S
760,1,3,"Baclini, Miss. Helene Barbara",female,0.75,2,1,2666,19.2583,,C
761,1,3,"Yasbeck, Mrs. Antoni (Selini Alexander)",female,15.0,1,0,2659,14.4542,,C
762,1,2,"Laroche, Mrs. Joseph (Juliette Marie Louise Lafargue)",female,22.0,1,2,SC/Paris 2123,41.5792,,C
763,0,3,"Panula, Mrs. Juha (Maria Emilia Ojala)",female,41.0,0,5,3101295,39.6875,,S
764,1,2,"Phillips, Miss. Alice Frances Louisa",female,21.0,0,1,S.O./P.P. 2,21.0,,S
765,0,3,"Peduzzi, Mr. Joseph",male,,0,0,A/5 2817,8.05,,S
766,1,2,"Wilhelms, Mr. Charles",male,31.0,0,0,244270,13.0,,S
767,1,2,"Phillips, Miss. Kate Florence (""Mrs Kate Louise Phillips Marshall"")",female,19.0,0,0,250655,26.0,,S
768,0,3,"Sawyer, Mr. Frederick Charles",male,24.5,0,0,342826,8.05,,S
769,0,3,"Connors, Mr. Patrick",male,70.5,0,0,370369,7.75,,Q
770,0,3,"Cann, Mr. Ernest Charles",male,21.0,0,0,A./5. 2152,8.05,,S
771,0,3,"Hyman, Mr. Abraham",male,,0,0,3470,7.8875,,S
772,0,3,"Petroff, Mr. Nedelio",male,19.0,0,0,349212,7.8958,,S
773,1,2,"Howard, Mrs. Benjamin (Ellen Truelove Arman)",female,60.0,1,0,24065,26.0,,S
774,0,1,"Frauenthal, Mr. Isaac Gerald",male,43.0,1,0,17765,27.7208,D40,C
775,0,3,"Turcin, Mr. Stjepan",male,36.0,0,0,349247,7.8958,,S
776,0,3,"Thorneycroft, Mr. Percival",male,,1,0,376564,16.1,,S
777,1,1,"Bazzani, Miss. Albina",female,32.0,0,0,11813,76.2917,D15,C
778,0,3,"Mionoff, Mr. Stoytcho",male,28.0,0,0,349207,7.8958,,S
779,0,2,"Gillespie, Mr. William Henry",male,34.0,0,0,12233,13.0,,S
780,0,2,"Baimbrigge, Mr. Charles Robert",male,23.0,0,0,C.A. 31030,10.5,,S
781,0,2,"Cotterill, Mr. Henry Harry""""",male,21.0,0,0,29107,11.5,,S
782,0,3,"Ali, Mr. William",male,25.0,0,0,SOTON/O.Q. 3101312,7.05,,S
783,0,3,"Lobb, Mrs. William Arthur (Cordelia K Stanlick)",female,26.0,1,0,A/5. 3336,16.1,,S
784,0,1,"Case, Mr. Howard Brown",male,49.0,0,0,19924,26.0,,S
785,0,3,"Mardirosian, Mr. Sarkis",male,,0,0,2655,7.2292,F E46,C
786,0,3,"Windelov, Mr. Einar",male,21.0,0,0,SOTON/OQ 3101317,7.25,,S
787,1,3,"Murphy, Miss. Katherine ""Kate""",female,,1,0,367230,15.5,,Q
788,1,3,"Madigan, Miss. Margaret ""Maggie""",female,,0,0,370370,7.75,,Q
789,0,3,"Assam, Mr. Ali",male,23.0,0,0,SOTON/O.Q. 3101309,7.05,,S
790,0,1,"Goldschmidt, Mr. George B",male,71.0,0,0,PC 17754,34.6542,A5,C
791,0,3,"Goodwin, Master. Sidney Leonard",male,1.0,5,2,CA 2144,46.9,,S
792,1,2,"Richards, Mrs. Sidney (Emily Hocking)",female,24.0,2,3,29106,18.75,,S
793,1,3,"Dorking, Mr. Edward Arthur",male,19.0,0,0,A/5. 10482,8.05,,S
794,0,1,"Franklin, Mr. Thomas Parham",male,,0,0,113778,26.55,D34,S
795,1,3,"Barry, Miss. Julia",female,27.0,0,0,330844,7.8792,,Q
796,1,3,"Mannion, Miss. Margareth",female,,0,0,36866,7.7375,,Q
797,0,2,"Swane, Mr. George",male,18.5,0,0,248734,13.0,F,S
798,0,1,"Davidson, Mr. Thornton",male,31.0,1,0,F.C. 12750,52.0,B71,S
799,1,2,"Sincock, Miss. Maude",female,20.0,0,0,C.A. 33112,36.75,,S
800,1,1,"Barkworth, Mr. Algernon Henry Wilson",male,80.0,0,0,27042,30.0,A23,S
801,0,3,"Odahl, Mr. Nils Martin",male,23.0,0,0,7267,9.225,,S
802,1,1,"Anderson, Mr. Harry",male,48.0,0,0,19952,26.55,E12,S
803,0,2,"Milling, Mr. Jacob Christian",male,48.0,0,0,234360,13.0,,S
804,0,3,"Wittevrongel, Mr. Camille",male,36.0,0,0,345771,9.5,,S
805,0,3,"Andersson, Miss. Ebba Iris Alfrida",female,6.0,4,2,347082,31.275,,S
806,0,1,"Fry, Mr. Richard",male,,0,0,112058,0.0,B102,S
807,0,2,"Sedgwick, Mr. Charles Frederick Waddington",male,25.0,0,0,244361,13.0,,S
808,0,2,"Malachard, Mr. Noel",male,,0,0,237735,15.0458,D,C
809,0,3,"Skoog, Mr. Wilhelm",male,40.0,1,4,347088,27.9,,S
810,1,1,"Daniels, Miss. Sarah",female,33.0,0,0,113781,151.55,,S
811,1,3,"Thomas, Mrs. Alexander (Thamine Thelma"")""",female,16.0,1,1,2625,8.5167,,C
812,1,3,"Ohman, Miss. Velin",female,22.0,0,0,347085,7.775,,S
813,0,2,"Leyson, Mr. Robert William Norman",male,24.0,0,0,C.A. 29566,10.5,,S
814,0,3,"Wenzel, Mr. Linhart",male,32.5,0,0,345775,9.5,,S
815,0,3,"Strom, Mrs. Wilhelm (Elna Matilda Persson)",female,29.0,1,1,347054,10.4625,G6,S
816,0,3,"Hart, Mr. Henry",male,,0,0,394140,6.8583,,Q
817,0,3,"Johansson Palmquist, Mr. Oskar Leander",male,26.0,0,0,347070,7.775,,S
818,0,1,"Cairns, Mr. Alexander",male,,0,0,113798,31.0,,S
819,0,3,"Johnston, Miss. Catherine Helen ""Carrie""",female,,1,2,W./C. 6607,23.45,,S
820,0,3,"Balkic, Mr. Cerin",male,26.0,0,0,349248,7.8958,,S
821,1,3,"Mahon, Miss. Bridget Delia",female,,0,0,330924,7.8792,,Q
822,0,3,"Sage, Master. Thomas Henry",male,,8,2,CA. 2343,69.55,,S
823,1,3,"Carr, Miss. Jeannie",female,37.0,0,0,368364,7.75,,Q
824,0,3,"Morley, Mr. William",male,34.0,0,0,364506,8.05,,S
825,0,3,"O'Brien, Mr. Timothy",male,,0,0,330979,7.8292,,Q
826,0,3,"Saad, Mr. Amin",male,,0,0,2671,7.2292,,C
827,1,2,"Caldwell, Master. Alden Gates",male,0.83,0,2,248738,29.0,,S
828,0,3,"Dintcheff, Mr. Valtcho",male,43.0,0,0,349226,7.8958,,S
829,0,3,"Lovell, Mr. John Hall (""Henry"")",male,20.5,0,0,A/5 21173,7.25,,S
830,0,3,"Wiseman, Mr. Phillippe",male,,0,0,A/4. 34244,7.25,,S
831,0,2,"Watson, Mr. Ennis Hastings",male,,0,0,239856,0.0,,S
832,0,3,"Karlsson, Mr. Einar Gervasius",male,21.0,0,0,350053,7.7958,,S
833,0,3,"Angheloff, Mr. Minko",male,26.0,0,0,349202,7.8958,,S
834,0,1,"Baumann, Mr. John D",male,,0,0,PC 17318,25.925,,S
835,0,2,"Lahtinen, Rev. William",male,30.0,1,1,250651,26.0,,S
836,0,2,"Gaskell, Mr. Alfred",male,16.0,0,0,239865,26.0,,S
837,0,3,"Rice, Master. Arthur",male,4.0,4,1,382652,29.125,,Q
838,0,1,"McCarthy, Mr. Timothy J",male,54.0,0,0,17463,51.8625,E46,S
839,1,1,"Goldenberg, Mrs. Samuel L (Edwiga Grabowska)",female,,1,0,17453,89.1042,C92,C
840,0,3,"MacKay, Mr. George William",male,,0,0,C.A. 42795,7.55,,S
841,1,1,"Madill, Miss. Georgette Alexandra",female,15.0,0,1,24160,211.3375,B5,S
842,0,2,"Laroche, Mr. Joseph Philippe Lemercier",male,25.0,1,2,SC/Paris 2123,41.5792,,C
843,1,3,"Lam, Mr. Ali",male,,0,0,1601,56.4958,,S
844,1,2,"Hart, Mrs. Benjamin (Esther Ada Bloomfield)",female,45.0,1,1,F.C.C. 13529,26.25,,S
845,0,3,"Andersen, Mr. Albert Karvin",male,32.0,0,0,C 4001,22.525,,S
846,1,2,"Hamalainen, Master. Viljo",male,0.67,1,1,250649,14.5,,S
847,0,3,"Ling, Mr. Lee",male,28.0,0,0,1601,56.4958,,S
848,0,3,"Panula, Mr. Ernesti Arvid",male,16.0,4,1,3101295,39.6875,,S
849,0,2,"Ware, Mr. John James",male,30.0,1,0,CA 31352,21.0,,S
850,0,3,"Olsson, Miss. Elina",female,31.0,0,0,350407,7.8542,,S
851,0,2,"Nasser, Mr. Nicholas",male,32.5,1,0,237736,30.0708,,C
852,0,3,"Van Impe, Mrs. Jean Baptiste (Rosalie Paula Govaert)",female,30.0,1,1,345773,24.15,,S
853,1,3,"Osman, Mrs. Mara",female,31.0,0,0,349244,8.6833,,S
854,1,3,"Stanley, Miss. Amy Zillah Elsie",female,23.0,0,0,CA. 2314,7.55,,S
855,1,1,"Gibson, Mrs. Leonard (Pauline C Boeson)",female,45.0,0,1,112378,59.4,,C
856,0,2,"Collyer, Mr. Harvey",male,31.0,1,1,C.A. 31921,26.25,,S
857,0,3,"Sdycoff, Mr. Todor",male,,0,0,349222,7.8958,,S
858,1,2,"Collyer, Mrs. Harvey (Charlotte Annie Tate)",female,31.0,1,1,C.A. 31921,26.25,,S
859,0,2,"Matthews, Mr. William John",male,30.0,0,0,28228,13.0,,S
860,0,3,"Cacic, Miss. Marija",female,30.0,0,0,315084,8.6625,,S
861,1,1,"Harper, Mr. Henry Sleeper",male,48.0,1,0,PC 17572,76.7292,D33,C
862,1,2,"Walcroft, Miss. Nellie",female,31.0,0,0,F.C.C. 13528,21.0,,S
863,0,1,"Clark, Mr. Walter Miller",male,27.0,1,0,13508,136.7792,C89,C
864,0,3,"Farrell, Mr. James",male,40.5,0,0,367232,7.75,,Q
865,0,3,"Everett, Mr. Thomas James",male,40.5,0,0,C.A. 6212,15.1,,S
866,1,1,"Flegenheim, Mrs. Alfred (Antoinette)",female,,0,0,PC 17598,31.6833,,S
867,0,2,"Kvillner, Mr. Johan Henrik Johannesson",male,31.0,0,0,C.A. 18723,10.5,,S
868,0,3,"Emir, Mr. Farred Chehab",male,,0,0,2631,7.225,,C
869,0,3,"Green, Mr. George Henry",male,51.0,0,0,21440,8.05,,S
870,0,3,"Dakic, Mr. Branko",male,19.0,0,0,349228,10.1708,,S
871,0,3,"Bostandyeff, Mr. Guentcho",male,26.0,0,0,349224,7.8958,,S
872,0,2,"Butler, Mr. Reginald Fenton",male,25.0,0,0,234686,13.0,,S
873,1,1,"Hogeboom, Mrs. John C (Anna Andrews)",female,51.0,1,0,13502,77.9583,D11,S
874,1,3,"Barah, Mr. Hanna Assi",male,20.0,0,0,2663,7.2292,,C
875,1,1,"Cavendish, Mrs. Tyrell William (Julia Florence Siegel)",female,76.0,1,0,19877,78.85,C46,S
876,1,3,"Nakid, Mrs. Said (Waika Mary"" Mowad)""",female,19.0,1,1,2653,15.7417,,C
877,0,3,"Vanden Steen, Mr. Leo Peter",male,28.0,0,0,345783,9.5,,S
878,0,2,"Faunthorpe, Mr. Harry",male,40.0,1,0,2926,26.0,,S
879,0,3,"Van Impe, Miss. Catharina",female,10.0,0,2,345773,24.15,,S
880,1,2,"Kantor, Mrs. Sinai (Miriam Sternin)",female,24.0,1,0,244367,26.0,,S
881,1,3,"Carr, Miss. Helen ""Ellen""",female,16.0,0,0,367231,7.75,,Q
882,0,1,"Futrelle, Mr. Jacques Heath",male,37.0,1,0,113803,53.1,C123,S
883,0,3,"Petroff, Mr. Pastcho (""Pentcho"")",male,,0,0,349215,7.8958,,S
884,0,1,"Maguire, Mr. John Edward",male,30.0,0,0,110469,26.0,C106,S
885,1,3,"Moubarek, Master. Gerios",male,,1,1,2661,15.2458,,C
886,1,3,"Abrahim, Mrs. Joseph (Sophie Halaut Easu)",female,18.0,0,0,2657,7.2292,,C
887,1,3,"Dahl, Mr. Karl Edwart",male,45.0,0,0,7598,8.05,,S
888,0,3,"Conlon, Mr. Thomas Henry",male,31.0,0,0,21332,7.7333,,Q
889,1,1,"Allison, Master. Hudson Trevor",male,0.92,1,2,113781,151.55,C22 C26,S
890,0,3,"Palsson, Miss. Stina Viola",female,3.0,3,1,349909,21.075,,S
891,0,3,"Slocovski, Mr. Selman Francis",male,,0,0,SOTON/OQ 392086,8.05,,S
892,1,3,"O'Leary, Miss. Hanora ""Norah""",female,,0,0,330919,7.8292,,Q
893,0,1,"Borebank, Mr. John James",male,42.0,0,0,110489,26.55,D22,S
894,1,1,"Harder, Mrs. George Achilles (Dorothy Annan)",female,25.0,1,0,11765,55.4417,E50,C
895,0,3,"Rogers, Mr. William John",male,,0,0,S.C./A.4. 23567,8.05,,S
896,0,3,"Ford, Mr. William Neal",male,16.0,1,3,W./C. 6608,34.375,,S
897,0,3,"Linehan, Mr. Michael",male,,0,0,330971,7.8792,,Q
898,0,1,"Keeping, Mr. Edwin",male,32.5,0,0,113503,211.5,C132,C
899,0,3,"Hampe, Mr. Leon",male,20.0,0,0,345769,9.5,,S
900,0,3,"Sutehall, Mr. Henry Jr",male,25.0,0,0,SOTON/OQ 392076,7.05,,S
901,0,2,"Stanton, Mr. Samuel Ward",male,41.0,0,0,237734,15.0458,,C
902,0,2,"Nourney, Mr. Alfred (Baron von Drachstedt"")""",male,20.0,0,0,SC/PARIS 2166,13.8625,D38,C
903,1,3,"Lindqvist, Mr. Eino William",male,20.0,1,0,STON/O 2. 3101285,7.925,,S
904,0,3,"Shorney, Mr. Charles Joseph",male,,0,0,374910,8.05,,S
905,0,3,"Jussila, Miss. Mari Aina",female,21.0,1,0,4137,9.825,,S
906,0,3,"Stanley, Mr. Edward Roland",male,21.0,0,0,A/4 45380,8.05,,S
907,1,2,"Herman, Mrs. Samuel (Jane Laver)",female,48.0,1,2,220845,65.0,,S
908,1,3,"Nilsson, Miss. Berta Olivia",female,18.0,0,0,347066,7.775,,S
909,0,3,"Carver, Mr. Alfred John",male,28.0,0,0,392095,7.25,,S
910,1,3,"Nicola-Yarred, Master. Elias",male,12.0,1,0,2651,11.2417,,C
911,0,3,"Thomas, Mr. Charles P",male,,1,0,2621,6.4375,,C
912,0,3,"Cacic, Mr. Jego Grga",male,18.0,0,0,315091,8.6625,,S
913,0,2,"Pengelly, Mr. Frederick William",male,19.0,0,0,28665,10.5,,S
914,1,3,"Mullens, Miss. Katherine ""Katie""",female,,0,0,35852,7.7333,,Q
915,1,1,"Candee, Mrs. Edward (Helen Churchill Hungerford)",female,53.0,0,0,PC 17606,27.4458,,C
